chara_name,high_skill_icon,high_skill_name,high_skill_desc,high_skill_stat_template,high_cooldown(PvE),Lv.1(PvE),Lv.2(PvE),Lv.3(PvE),Lv.4(PvE),Lv.5(PvE),Lv.6(PvE),Lv.7(PvE),Lv.8(PvE),Lv.9(PvE),Lv.10(PvE),Lv.11(PvE),Lv.12(PvE),Lv.13(PvE),cooldown(PvP),Lv.1(PvP),Lv.2(PvP),Lv.3(PvP),Lv.4(PvP),Lv.5(PvP),Lv.6(PvP),Lv.7(PvP),Lv.8(PvP),Lv.9(PvP),Lv.10(PvP),Lv.11(PvP),Lv.12(PvP),Lv.13(PvP)
가비아,가비아.webp,지켜…줄…게…,남은 HP 비율이 가장 낮은 아군에게 <color=#F55471>무적</color>을 건다.\n<color=#F55471>무적 : 모든 피해 및 디버프에 면역이 된다.</color>,무적 지속시간 : {0}초,23,4,4.3,4.6,4.9,5.2,5.5,5.8,6.1,6.4,6.7,,,,35,4,4.3,4.6,4.9,5.2,5.5,5.8,6.1,6.4,6.7,,,
그윈,그윈.webp,극지귀가길,"일정 시간 동안 전방에 얼음길을 생성하고, 펭귄을 10마리 소환한다. 얼음길 위 적들에게 공격 및 이동 속도를 감소시킨다. 펭귄은 얼음길을 따라 미끄러져 적에게 충돌하며 마법 피해를 입힌다.",얼음길 지속시간 : {0}초\n공격 속도 감소 : {1}%\n이동 속도 감소 : {2}%\n공격 및 이동 속도 감소 지속시간 : {3}초\n총 마법 피해 : {4}%,40,"8
15
30
4
860","8
15
30
4
920","8
15
30
4
970","8
15
30
4
1030","8
15
30
4
1080","8
15
30
4
1130","8
15
30
4
1190","8
15
30
4
1240","8
15
30
4
1300","8
15
30
4
1350","8
15
30
4
1400","8
15
30
4
1460","8
15
30
4
1510",30,"8
15
30
4
570","8
15
30
4
610","8
15
30
4
640","8
15
30
4
680","8
15
30
4
710","8
15
30
4
750","8
15
30
4
780","8
15
30
4
820","8
15
30
4
860","8
15
30
4
890","8
15
30
4
930","8
15
30
4
960","8
15
30
4
1000"
나이아,나이아.webp,물의 세례를 받아라!,"전진하는 파도를 소환한다. 파도는 아군을 회복시키고, 적에게는 피해를 준다.",HP 회복 : 공격력의 {0}%\n마법 피해 : {1}%,25,"1350
225","1440
235","1530
250","1620
270","1710
290","1800
315","1890
340","1980
365","2070
400","2160
430","2250
460","2340
490","2430
520",25,"1350
149","1440
155","1530
165","1620
178","1710
191","1800
208","1890
224","1980
241","2070
264","2160
284","2250
304","2340
323","2430
343"
네르,네르.webp,엘드르의 축복,엘드르의 축복을 내려 적들에게 범위 마법 피해를 입히고 모든 아군의 치명 피해를 증가시킨다.,마법 피해 : {0}%\n치명 피해 증가 : {1}%\n치명 피해 증가 지속시간 : {2}초,36,"510
30
12","540
31
12","570
33
12","610
35
12","660
37
12","710
39
12","770
41
12","830
43
12","900
46
12","980
47
12","1060
50
12","1140
52
12","1220
55
12",36,"337
30
12","356
31
12","376
33
12","403
35
12","436
37
12","469
39
12","508
41
12","548
43
12","594
46
12","647
47
12","700
50
12","752
52
12","805
55
12"
네티,네티.webp,기가 드릴 차지,일정 시간 동안 <color=#F55471>집착</color> 상태가 된다.\n<color=#F55471>집착</color> 상태는 해제할 수 없다.\n<color=#F55471>집착 : 네티가 기본 공격 대신 강화 공격을 사용하고 공격 속도가 증가한다.</color>,공격 속도 증가 : {0}%\n집착 지속시간 : {1}초,30,"210
15","220
15","230
15","240
15","250
15","260
15","270
15","280
15","290
15","300
15","310
15","320
15","330
15",20,"210
15","220
15","230
15","240
15","250
15","260
15","270
15","280
15","290
15","300
15","310
15","320
15","330
15"
다야,다야.webp,다이아 브레...츄!,재채기를 해 적들에게 범위 마법 피해를 입힌다.,마법 피해 : {0}%,40,322,338,359,385,416,447,484,525,572,619,666,713,760,40,161,169,180,193,208,224,242,263,286,310,333,357,380
다야(퓨어샤인),다야(퓨어샤인).webp,퓨어☆샤이닝 빔,공중으로 뛰어오른 뒤 마법진을 소환해 모든 아군의 받는 보호막 효과를 증가시킨다.\n그리고 지정된 사거리 내에서 가장 멀리 있는 적에게 퓨어☆샤이닝 빔을 발사해 6회 범위 마법 피해를 입힌다. 마지막 타격에 더 큰 피해를 입히고 주는 피해량을 감소시킨다.,받는 보호막 효과 증가 : {0}%\n받는 보호막 효과 증가 지속시간 : {1}초\n마법 피해 : {2}%\n마지막 타격 마법 피해 : {3}%\n주는 피해량 감소 : {4}%\n주는 피해량 감소 지속시간 : {5}초,40,"25
15
750
500
25
10","25
15
775
520
25
10","25
15
800
540
25
10","25
15
825
560
25
10","25
15
850
580
25
10","25
15
875
600
25
10","25
15
900
620
25
10","25
15
925
640
25
10","25
15
950
660
25
10","25
15
975
680
25
10","25
15
1000
700
25
10","25
15
1025
720
25
10","25
15
1050
740
25
10",30,"25
15
495
330
25
10","25
15
510
343
25
10","25
15
530
356
25
10","25
15
545
370
25
10","25
15
560
383
25
10","25
15
580
396
25
10","25
15
595
409
25
10","25
15
610
422
25
10","25
15
625
436
25
10","25
15
645
449
25
10","25
15
660
462
25
10","25
15
675
475
25
10","25
15
695
488
25
10"
디아나,디아나.webp,진정한 치료법,"정면으로 기의 격류를 발산해 적에게 11회 범위 마법 피해를 입히며, <color=#F55471>넉백</color>시킨다.\n<color=#F55471>넉백 : 행동불가 상태로 뒤로 밀린다.</color>",첫 타격 마법 피해 : {0}%\n중간 타격 마법 피해 : {1}%\n마지막 타격 마법 피해 : {2}%,32,"60
60
487","64
64
512","68
68
546","73
73
588","78
78
630","85
85
680","92
92
739","99
99
798","108
108
865","117
117
940","124
124
992","130
130
1043","136
136
1094",32,"45
45
365","48
48
384","51
51
409","55
55
440","59
59
472","63
63
510","69
69
554","74
74
599","81
81
649","88
88
705","93
93
744","97
97
782","102
102
820"
디아나(왕년),디아나(왕년).webp,부순다,"도끼가 박살날 정도로 강하게 휘둘러 적들에게 범위 물리 피해를 입힌다.\nSP를 모두 소모하며, 소모한 SP에 비례하여 피해가 추가된다.\n<color=#F55471>백수공권</color> 상태가 된다. <color=#F55471>백수공권</color> 상태는 해제할 수 없다.\n<color=#F55471>백수공권 : 기본 공격이 변경되며, 매초 잃은 HP의 5%를 회복한다. SP 회복량 증가 및 추가 SP 회복 효과를 받지 않는다.</color>",물리 피해 : {0}%\n소모한 SP 1%당 피해 추가 : {1}%,40,"2350
7.5","2450
7.5","2550
7.5","2650
7.5","2750
7.5","2850
7.5","2950
7.5","3050
7.5","3150
7.5","3250
7.5","3350
7.5","3450
7.5","3550
7.5",40,"1551
7.5","1617
7.5","1683
7.5","1749
7.5","1815
7.5","1881
7.5","1947
7.5","2013
7.5","2079
7.5","2145
7.5","2211
7.5","2277
7.5","2343
7.5"
라이카,라이카.webp,원격충전!!,"높이 뛰어오른 뒤 착지해 강력한 전기 에너지를 방출시킨다. 자신을 중심으로 주변의 적들에게 범위 물리 피해를 입히고, <color=#F55471>기절</color>을 건다. 일정 시간 동안 자신은 <color=#F55471>최대 출력!</color> 효과를 받는다.\n<color=#F55471>최대 출력!</color>은 해제할 수 없다. \n<color=#F55471>최대 출력! : 자신의 공격 속도와 이동속도가 증가한다.</color>",물리 피해 : {0}%\n기절 지속시간 : {1}초\n공격 속도 증가 : {2}%\n이동속도 증가 : {3}%\n최대 출력! 지속시간 : {4}초,32,"650
3
42
100
12","725
3
44
100
12","800
3
46
100
12","875
3
48
100
12","950
3
50
100
12","1025
3
52
100
12","1100
3
54
100
12","1175
3
56
100
12","1250
3
58
100
12","1325
3
60
100
12","1400
3
62
100
12","1475
3
64
100
12","1550
3
66
100
12",24,"453
3
42
100
12","471
3
44
100
12","488
3
46
100
12","506
3
48
100
12","523
3
50
100
12","540
3
52
100
12","558
3
54
100
12","575
3
56
100
12","593
3
58
100
12","610
3
60
100
12","627
3
62
100
12","645
3
64
100
12","662
3
66
100
12"
란,란.webp,몰이 사냥,약점을 노려 지정된 사거리 내에서 남은 HP 비율이 가장 낮은 적에게 4회 마법 피해를 입힌다. 마지막 타격은 더 큰 피해를 입힌다. 스킬 시전 도중 적을 처치했거나 공격 대상의 남은 HP가 50% 미만이 되면 고학년 스킬을 추가로 사용한다. 스킬을 추가로 사용할 경우 공격하지 않은 적을 우선 공격한다.,마법 피해 : {0}%\n마지막 타격 마법 피해 : {1}%\n추가 사용 횟수 : {2}회,40,"579
288
3","627
298
3","672
309
3","720
319
3","768
330
3","813
340
3","861
350
3","906
361
3","954
371
3","1002
382
3","1047
392
3","1095
402
3","1140
413
3",32,"384
190
3","414
197
3","444
204
3","474
211
3","507
218
3","537
224
3","567
231
3","600
238
3","630
245
3","660
252
3","690
259
3","723
266
3","753
272
3"
레비,레비.webp,레비드 더 레드,비장의 장도를 순간적으로 뽑은 후 빠르게 대쉬해 적들에게 범위 물리 피해를 입힌다.,물리 피해 : {0}%,40,610,640,690,730,790,850,920,1000,1080,1170,,,,30,403,422,455,482,521,561,607,660,713,772,,,
레이지,레이지.webp,교주의 천벌 - 레이지,교주의 힘을 빌려 적에게 물리 피해를 입힌다.,물리 피해 : {0}%,40,175,185,200,210,230,245,265,290,315,340,,,,40,116,122,132,139,152,162,175,191,208,224,,,
레테,레테.webp,기습 플래시 팡,적에게 플래시를 터뜨려 물리 피해를 주고 <color=#F55471>눈가림</color>을 건다.\n<color=#F55471>눈가림 : 일반 공격이 빗나간다.</color>,물리 피해 : {0}%\n눈가림 지속시간 : {1}초,24,"200
6","215
6","230
6","245
6","260
6","275
6","290
6","305
6","320
6","335
6",,,,18,"132
6","142
6","152
6","162
6","172
6","182
6","191
6","201
6","211
6","221
6",,,
로네,로네.webp,항복! 항복이에오…,필사적으로 항복해 주변 적들의 공격력을 감소시킨다.,공격력 감소 : {0}%\n공격력 감소 지속시간 : {1}초,41,"35
7","35
7","40
7","40
7","45
7","50
7","50
7","55
7","60
7","65
7",,,,41,"20
7","20
7","25
7","25
7","30
7","35
7","35
7","40
7","45
7","50
7",,,
로네(시장),로네(시장).webp,"사랑받는 시장, 로네!",지지자들이 돌진해 충돌한 적들에게 여러 번의 범위 물리 피해를 입힌다.,물리 피해 : {0}%\n물리 피해 간격 : {1}초,30,"590
0.5","605
0.5","620
0.5","635
0.5","650
0.5","665
0.5","680
0.5","695
0.5","710
0.5","725
0.5","740
0.5","755
0.5","770
0.5",30,"389
0.5","399
0.5","409
0.5","419
0.5","429
0.5","439
0.5","449
0.5","459
0.5","469
0.5","479
0.5","488
0.5","498
0.5","508
0.5"
롤렛,롤렛.webp,관객을 사로잡는 트릭스터,상자를 꺼내 지정된 사거리 내에서 가장 멀리 있는 적에게 보낸다. 상자는 지나가며 주변의 적들에게 <color=#F55471>호기심</color>을 건다. 목표 지점에 도달하면 폭발해 범위 마법 피해를 주고 <color=#F55471>기절</color>을 건다. 기절 및 피해는 최대 6인에게 적용된다.\n<color=#F55471>호기심 : 적에게 천천히 이동한다.</color>\n<color=#F55471>기절 : 행동불가 상태가 된다.</color>,마법 피해 : {0}%\n호기심 지속시간 : {1}초\n기절 지속시간 : {2}초,36,"624
4
3","656
4
3","688
4
3","720
4
3","752
4
3","784
4
3","816
4
3","848
4
3","880
4
3","912
4
3","944
4
3","976
4
3","1008
4
3",36,"412
4
3","433
4
3","454
4
3","475
4
3","496
4
3","517
4
3","539
4
3","560
4
3","581
4
3","602
4
3","623
4
3","644
4
3","665
4
3"
루드,루드.webp,임팩트 프레스,"지면을 강하게 5회 내려쳐 적들에게 범위 물리 피해와 <color=#F55471>기절</color>을 걸고, <color=#F55471>넉백</color>시킨다. 마지막 타격은 더 높은 피해를 입힌다.\n<color=#F55471>기절 : 행동불가 상태가 된다.</color>\n<color=#F55471>넉백 : 행동불가 상태로 뒤로 밀린다.</color>",물리 피해 : {0}%\n마지막 타격 물리 피해 : {1}%\n기절 지속시간 : {2}초,50,"344
229
3","361
240
3","386
257
3","411
274
3","445
296
3","478
319
3","512
341
3","562
375
3","604
403
3","655
436
3","693
462
3","732
488
3","770
513
3",30,"227
151
3","238
158
3","255
170
3","271
181
3","294
196
3","316
210
3","338
225
3","371
247
3","399
266
3","432
288
3","457
305
3","483
322
3","508
338
3"
루포,루포.webp,오의 여우회전!,"순간 이동한 뒤 빠르게 회전해 지정된 사거리 내에서 가장 뒤에 있는 적에게 8회 범위 물리 피해를 입히고, <color=#F55471>넉백</color>시킨다. 회전 중에는 받는 피해량이 감소한다.\n<color=#F55471>넉백 : 행동불가 상태로 뒤로 밀린다.</color>",총 물리 피해 : {0}%\n받는 피해량 감소 : {1}%,34,"876
40","936
40","996
40","1056
40","1140
40","1236
40","1332
40","1440
40","1560
40","1692
40","1824
40","1956
40","2088
40",34,"578
40","618
40","657
40","697
40","752
40","816
40","879
40","950
40","1030
40","1117
40","1204
40","1291
40","1378
40"
리뉴아,리뉴아.webp,타임 브레이크,"아군의 모든 행동 속도를 점차 가속하고 받는 피해량을 감소시킨다.\n적의 모든 행동 속도를 점차 감속시키고 잠시 동안 정지시킨다.\n적을 정지시키는 동안, 모든 적에게 6회 물리 피해를 입힌다.\n위 효과는 시전 시 필드에 있던 대상에게만 적용된다.",총 물리 피해 : {0}%\n아군 가속 : {1}%\n아군 가속 및 적 둔화 지속시간 : {2}초\n적 정지 지속시간 : {3}초\n받는 피해량 감소 : {4}%\n받는 피해량 감소 지속시간 : {5}초,50,"600
32
7
3
30
10","720
36
7
3
30
10","840
40
7
3
30
10","960
45
7
3
30
10","1080
49
7
3
30
10","1200
53
7
3
30
10","1320
57
7
3
30
10","1440
62
7
3
30
10","1560
66
7
3
30
10","1680
70
7
3
30
10","1800
74
7
3
30
10","1920
79
7
3
30
10","2040
83
7
3
30
10",34,"396
32
7
3
30
10","474
36
7
3
30
10","552
40
7
3
30
10","636
45
7
3
30
10","714
49
7
3
30
10","792
53
7
3
30
10","870
57
7
3
30
10","948
62
7
3
30
10","1032
66
7
3
30
10","1110
70
7
3
30
10","1188
74
7
3
30
10","1266
79
7
3
30
10","1344
83
7
3
30
10"
리스티,리스티.webp,복셀 글리치,남은 HP 비율이 가장 낮은 적 3명에게 블록을 10개씩 떨어뜨려 물리 피해를 입힌다. 마지막에 떨어지는 블록은 더 높은 피해를 입히고 <color=#F55471>기절</color>을 건다. 스킬 시전 도중 대상을 변경할 수 있다.\n<color=#F55471>기절 : 행동불가 상태가 된다.</color>,물리 피해 : {0}%\n마지막 타격 물리 피해 : {1}%\n기절 지속시간 : {2}초,24,"360
160
4","387
171
4","405
181
4","432
192
4","459
203
4","477
213
4","504
224
4","531
235
4","549
245
4","576
256
4","603
267
4","621
277
4","648
288
4",24,"234
106
4","252
113
4","270
120
4","288
127
4","297
134
4","315
141
4","333
148
4","351
155
4","360
162
4","378
169
4","396
176
4","414
183
4","432
190
4"
리온,리온.webp,즉결심판,"판결봉을 휘둘러 적에게 3회 범위 물리 피해를 입힌다. 마지막 타격은 적들의 보호막을 하나 파괴하고, 더 큰 피해를 입힌다.",물리 피해 : {0}%\n마지막 타격 물리 피해 : {1}%,26,"351
340","367
356","382
372","398
388","413
404","429
420","445
436","460
452","476
468","491
484","507
500","523
516","538
532",26,"232
292","242
306","252
319","263
333","273
347","283
360","294
374","304
388","314
401","324
415","335
429","345
443","355
457"
리츠,리츠.webp,벼리기,"세 번 베어 적들에게 범위 물리 피해를 입힌다. 마지막 베기 후, 반동으로 뒤로 물러난다.",물리 피해 : {0}%\n마지막 타수 물리 피해 : {1}%,45,"100
200","110
220","120
240","130
260","140
280","150
300","160
320","170
340","180
360","190
380","200
400","210
420","220
440",45,"50
100","56
110","60
120","66
130","70
140","76
150","80
160","86
170","90
180","96
190","100
200","106
210","110
220"
리코타,리코타.webp,준비만전,"완벽한 재료 손질 솜씨로 적에게 4회 물리 피해를 입힌다.\n대상의 최대 HP가 자신의 최대 HP 이상일 경우 피해가 증가하고, 공격마다 대상의 최대 HP에 비례하는 피해가 추가되며 자신의 HP를 회복한다.\n대상이 월드 보스 몬스터일 경우, 최대 HP 비례 피해가 별도로 적용된다.",총 물리 피해 : {0}%\n최대 HP가 더 높은 대상 총 물리 피해 : {1}%\n타수당 최대 HP 비례 피해 : 최대 HP의 {2}%\n타수당 월드 보스 최대 HP 비례 피해 : 최대 HP의 {3}%\n타수당 HP 회복 : 감소된 HP의 {4}%,30,"932
1952
7
0.8
7.5","960
2000
7
0.8
7.5","992
2052
7
0.8
7.5","1020
2100
7
0.8
7.5","1052
2152
7
0.8
7.5","1080
2200
7
0.8
7.5","1112
2252
7
0.8
7.5","1140
2300
7
0.8
7.5","1172
2352
7
0.8
7.5","1200
2400
7
0.8
7.5","1232
2452
7
0.8
7.5","1260
2500
7
0.8
7.5","1292
2552
7
0.8
7.5",24,"616
1288
7
0.8
7.5","632
1320
7
0.8
7.5","656
1356
7
0.8
7.5","672
1388
7
0.8
7.5","696
1420
7
0.8
7.5","712
1452
7
0.8
7.5","732
1488
7
0.8
7.5","752
1520
7
0.8
7.5","772
1552
7
0.8
7.5","792
1584
7
0.8
7.5","812
1620
7
0.8
7.5","832
1652
7
0.8
7.5","852
1684
7
0.8
7.5"
림,림.webp,그림 하베스트,그림의 힘을 해방해 적들에게 참격을 날려 범위 물리 피해를 2회 입히고 <color=#F55471>넉백</color>시킨다. 그리고 자신의 HP를 회복한다.\n<color=#F55471>넉백 : 행동불가 상태로 뒤로 밀린다.</color>,총 물리 피해 : {0}%\nHP 회복 : 마지막 타격으로 입힌 피해량의 {1}%,56,"360
325","375
325","398
325","428
325","465
325","495
325","540
325","585
325","630
325","683
325","736
325","789
325","842
325",38,"238
325","248
325","263
325","282
325","307
325","327
325","356
325","386
325","416
325","451
325","486
325","521
325","556
325"
림(혼돈),림(혼돈).webp,차원의 눈,차원의 눈을 통해 가장 공격력이 높은 적에게 이동하며 자신에게 <color=#F55471>눈속임</color>을 건다. 이동 후 적에게 물리 피해를 입히고 <color=#F55471>기절</color>을 건다. 그리고 일정 시간 동안 기본 공격 발동이 강화 공격으로 대체된다. 스킬이 종료되면 일정 시간 뒤 아군 진영 후방으로 귀환한다.\n<color=#F55471>기절 : 행동불가 상태가 된다.</color>\n<color=#F55471>눈속임 : 적의 타겟 대상이 되지 않는다. 아군이 없을 때는 발동하지 않는다.</color>,물리 피해 : {0}%\n눈속임 지속시간 : {1}초\n기절 지속시간 : {2}초\n강화 공격 발동 지속시간 : {3}초,22,"840
10.5
4
10.5","930
10.5
4
10.5","1020
10.5
4
10.5","1110
10.5
4
10.5","1200
10.5
4
10.5","1290
10.5
4
10.5","1380
10.5
4
10.5","1470
10.5
4
10.5","1560
10.5
4
10.5","1650
10.5
4
10.5","1740
10.5
4
10.5","1830
10.5
4
10.5","1920
10.5
4
10.5",17,"714
10.5
4
10.5","791
10.5
4
10.5","867
10.5
4
10.5","944
10.5
4
10.5","1020
10.5
4
10.5","1097
10.5
4
10.5","1173
10.5
4
10.5","1250
10.5
4
10.5","1326
10.5
4
10.5","1403
10.5
4
10.5","1479
10.5
4
10.5","1556
10.5
4
10.5","1632
10.5
4
10.5"
마고,마고.webp,메...에~류겐!,양 친구를 보내 적에게 마법 피해를 입힌다.,총 마법 피해 : {0}%,50,1295,1370,1460,1560,1680,1810,1960,2120,2300,2490,,,,50,855,904,964,1030,1109,1195,1294,1399,1518,1643,,,
마리,마리.webp,발파 합니다!,고폭탄을 설치한 뒤 폭발시켜 적들에게 범위 물리 피해를 입힌다.,물리 피해 : {0}%,47,370,390,420,450,480,520,560,610,660,720,,,,47,278,293,315,338,360,390,420,458,495,540,,,
마에스트로 2호,마에스트로 2호.webp,사운더스 쇼크 웨이브,충격파를 발산해 적들에게 범위 물리 피해를 입히고 <color=#F55471>소음</color>을 건다.\n<color=#F55471>소음 : 주는 피해량이 감소한다.</color>,물리 피해 : {0}%\n소음 지속시간: {1}초,40,"370
6","390
6","420
6","450
6","480
6","520
6","560
6","600
6","660
6","710
6","760
6","810
6","860
6",26,"244
6","257
6","277
6","297
6","317
6","343
6","370
6","396
6","436
6","469
6","502
6","535
6","568
6"
마요,마요.webp,그 수집품 내꺼임.,독침을 발사해 무작위 적에게 8회 물리 피해를 입히고 <color=#F55471>중독</color>을 건다.\n<color=#F55471>중독 : 매초 피해를 입으며 공격력이 감소한다.</color>,총 물리 피해 : {0}%\n중독 지속시간 : {1}초,36,"560
4","590
4","630
4","675
4","725
4","780
4","845
4","915
4","990
4","1075
4",,,,36,"370
4","389
4","416
4","446
4","479
4","515
4","558
4","604
4","653
4","710
4",,,
마요(멋짐),마요(멋짐).webp,비장의 수단임.,커다란 종으로 소리를 증폭시켜 적에게 범위 물리 피해를 입히고 <color=#F55471>소음</color>을 건다. 가까운 적에게는 추가로 <color=#F55471>기절</color>을 건다.\n<color=#F55471>소음 : 주는 피해량이 감소한다.</color>\n<color=#F55471>기절 : 행동불가 상태가 된다.</color>,물리 피해 : {0}%\n소음 지속시간 : {1}초\n기절 지속시간 : {2}초,22,"1000
6
3","1030
6
3","1060
6
3","1090
6
3","1120
6
3","1150
6
3","1180
6
3","1210
6
3","1240
6
3","1270
6
3","1300
6
3","1330
6
3","1360
6
3",22,"660
6
3","680
6
3","700
6
3","719
6
3","739
6
3","759
6
3","779
6
3","799
6
3","818
6
3","838
6
3","858
6
3","878
6
3","898
6
3"
마카샤,마카샤.webp,마녀의 움직이는 집,"전방으로 마카샤의 집 바바가 지나간다.\n바바에 부딪힌 적에게 마법 피해를 입히고, 적이 보유한 운명의 시계 지속시간을 감소시킨다.",마법 피해 : {0}%\n운명의 시계 지속시간 감소 : {1}초,30,"590
15","605
15","620
15","635
15","650
15","665
15","680
15","695
15","710
15","725
15","740
15","755
15","770
15",30,"389
15","399
15","409
15","419
15","429
15","439
15","449
15","459
15","469
15","479
15","488
15","498
15","508
15"
메죵,메죵.webp,교주의 천벌 - 메죵,교주의 힘을 빌려 적에게 물리 피해를 입힌다.,물리 피해 : {0}%,40,175,185,200,210,230,245,265,290,315,340,,,,40,116,122,132,139,152,162,175,191,208,224,,,
멜루나,멜루나.webp,멜론머스크 X,거대 멜론을 무작위로 굴려 적들에게 범위 마법 피해를 입힌다.,마법 피해 : {0}%,20,420,440,460,480,500,520,540,560,580,600,620,640,660,20,277,290,304,317,330,343,356,370,383,396,409,422,436
모모,모모.webp,초살 람쥐썬더,지정된 사거리 내에서 가장 뒤에 있는 적에게 나타나 범위 마법 피해를 4회 입힌다.\n공격이 끝나면 제자리에 분신을 1개 남기고 시전 위치로 돌아온다.\n분신은 저학년 스킬로 소환되는 분신과 동일한 특성을 가진다.,총 마법 피해 : {0}%\n소환수 마법 피해 : {1}%\n소환수 자폭 피해 : {2}%,40,"640
50
80","680
54
86","720
58
93","760
62
99","800
66
106","840
70
112","880
74
118","920
78
125","960
82
131","1000
86
138","1040
90
144","1080
94
150","1120
98
157",40,"424
50
80","448
54
86","476
58
93","500
62
99","528
66
106","556
70
112","580
74
118","608
78
125","632
82
131","660
86
138","688
90
144","712
94
150","740
98
157"
뮤트,뮤트.webp,기초적인 해킹,"최대 HP가 가장 높은 적을 해킹해 받는 스킬 피해량을 증가시키고, 침묵을 건다. 그리고 매초 모든 아군의 SP를 회복시킨다.",받는 스킬 피해량 증가 : {0}%\n받는 스킬 피해량 증가 지속시간 :  {1}초\n침묵 지속시간 :  {2}초\n지속 SP 회복 : 최대 SP의 {3}%\nSP 회복 지속시간 : {4}초,45,"32
10
10
10
10","34
10
10
10
10","36
10
10
10
10","38
10
10
10
10","40
10
10
10
10","42
10
10
10
10","44
10
10
10
10","46
10
10
10
10","48
10
10
10
10","50
10
10
10
10","52
10
10
10
10","54
10
10
10
10","56
10
10
10
10",45,"32
10
10
10
10","34
10
10
10
10","36
10
10
10
10","38
10
10
10
10","40
10
10
10
10","42
10
10
10
10","44
10
10
10
10","46
10
10
10
10","48
10
10
10
10","50
10
10
10
10","52
10
10
10
10","54
10
10
10
10","56
10
10
10
10"
미로,미로.webp,수많은 시선,"거울 속으로 숨어 <color=#F55471>무적</color> 상태가 되고 적들을 <color=#F55471>도발</color>한다. 숨어 있는 동안 자신이 <color=#F55471>직접 피해</color>로 피격된 횟수만큼 광선을 발사해 무작위 적들에게 물리 피해를 입힌다. 광선은 최대 10번까지 발사할 수 있으며, 5회 미만 피격된 경우에는 5번 발사한다.\n<color=#F55471>무적 : 모든 피해 및 디버프에 면역이 된다.</color>\n<color=#F55471>도발 : 도발한 대상을 기본 공격으로 공격한다.</color>\n<color=#F55471>직접 피해 : 상태이상 피해, 반사 피해, 저주 피해, 분산 피해를 제외한 직접 공격에 의한 피해를 의미한다.</color>",무적 지속시간 : {0}초\n도발 지속시간 : {1}초\n타수당 물리 피해 : {2}%,30,"7
7
200","7
7
214","7
7
228","7
7
242","7
7
256","7
7
270","7
7
284","7
7
298","7
7
312","7
7
326","7
7
340","7
7
354","7
7
368",30,"7
7
132","7
7
141","7
7
150","7
7
160","7
7
169","7
7
178","7
7
187","7
7
197","7
7
206","7
7
215","7
7
224","7
7
234","7
7
243"
밍스,밍스.webp,교주의 천벌 - 밍스,교주의 힘을 빌려 적에게 물리 피해를 입힌다.,물리 피해 : {0}%,38,220,235,250,270,290,310,335,365,395,430,,,,38,145,155,165,178,191,205,221,241,261,284,,,
바나,바나.webp,모루 탕탕이,모루를 두들겨 모든 아군이 받는 피해량을 감소시킨다.,받는 피해량 감소 : {0}%\n받는 피해량 감소 지속시간 : {1}초,35,"9
8","11
8","12
8","13
8","15
8","16
8","17
8","18
8","20
8","21
8",,,,35,"9
8","11
8","12
8","13
8","15
8","16
8","17
8","18
8","20
8","21
8",,,
바롱,바롱.webp,유령불 부르기,자신을 중심으로 적에게 범위 마법 피해를 입히고 <color=#F55471>저주</color>를 건다. 일정 시간 동안 받는 피해가 감소한다.\n<color=#F55471>저주 : 대상이 받은 피해량의 일정 비율만큼 무작위 다른 대상에게 마법 피해를 입힌다.</color>,마법 피해 : {0}%\n저주 지속시간 : {1}초\n받는 피해량 감소 : {2}%\n받는 피해량 감소 지속시간 : {3}초,40,"420
10
25
8","444
10
25
8","472
10
25
8","508
10
25
8","544
10
25
8","588
10
25
8","636
10
25
8","688
10
25
8","748
10
25
8","808
10
25
8","840
10
25
8","872
10
25
8","904
10
25
8",30,"277
10
25
8","293
10
25
8","312
10
25
8","335
10
25
8","359
10
25
8","388
10
25
8","420
10
25
8","454
10
25
8","494
10
25
8","533
10
25
8","554
10
25
8","576
10
25
8","597
10
25
8"
바리에,바리에.webp,당일 반납해주세요오,가장 공격력이 높은 아군에게 책을 꺼내 대출해준다. 아군의 물리 피해량과 공격 속도가 증가한다. 해당 버프는 4번 시전되며 중첩될 수 있다.,중첩마다 물리 피해량 증가 : {0}%\n중첩마다 공격 속도 증가 : {1}%\n지속시간 : {2}초,30,"10
6
15","11
6
15","12
6
15","13
7
15","14
7
15","15
7
15","16
8
15","17
8
15","18
8
15","19
9
15",,,,30,"10
6
15","11
6
15","12
6
15","13
7
15","14
7
15","15
7
15","16
8
15","17
8
15","18
8
15","19
9
15",,,
버터,버터.webp,새쭁! 쓔튜라이크!,거대한 짱돌을 발사해 적들에게 범위 물리 피해를 입힌다.,물리 피해 : {0}%,37,230,250,260,280,300,320,350,380,410,450,480,510,540,37,173,188,195,210,225,240,263,285,308,338,360,383,405
베니,베니.webp,베니는 너희를 베어,도끼로 지면을 내려찍어 적들에게 범위 물리 피해를 주고 <color=#F55471>기절</color>을 건다.\n<color=#F55471>기절 : 행동불가 상태가 된다.</color>,물리 피해 : {0}%\n기절 지속시간 : {1}초,58,"580
5","610
5","650
5","700
5","750
5","810
5","880
5","950
5","1030
5","1120
5","1210
5","1300
5","1390
5",32,"435
5","458
5","488
5","525
5","563
5","608
5","660
5","713
5","773
5","840
5","908
5","975
5","1043
5"
베니(베니),베니(베니).webp,베니는 꿀도 나눠,"<color=#F55471>꿀범벅</color> 중첩이 가장 높은 적에게 날아가 꿀단지를 내려쳐 범위 물리 피해를 입힌다.\n적이 보유한 <color=#F55471>꿀범벅</color> 중첩만큼 피해가 추가되며, <color=#F55471>꿀범벅</color> 중첩을 모두 소모한다.\n<color=#F55471>꿀범벅</color>을 10중첩 이상 보유한 적에게는 추가로 <color=#F55471>기절</color>을 건다.\n공격이 끝나면 시전 위치로 돌아가며 일정 간격마다 주변 아군의 HP를 회복시킨다.\n고학년 스킬 사용 중에는 적의 타겟 대상이 되지 않고, <color=#F55471>무적</color> 상태가 된다.\n<color=#F55471>꿀범벅 : 공격 속도, 이동 속도가 감소한다.</color>\n<color=#F55471>기절 : 행동불가 상태가 된다.</color>\n<color=#F55471>무적 : 모든 피해 및 디버프에 면역이 된다.</color>",물리 피해 : {0}%\n꿀범벅 지속시간 : {1}초\n1중첩시 추가 물리피해 : {2}%\n1중첩시 공격 속도 감소 : {3}%\n1중첩시 이동 속도 감소 : {4}%\n기절 지속시간 : {5}초\nHP 회복 : 공격력의 {6}%,60,"1075
15
30
1.5
1.5
5
250","1150
15
30
1.5
1.5
5
250","1225
15
30
1.5
1.5
5
250","1300
15
30
1.5
1.5
5
250","1375
15
30
1.5
1.5
5
250","1450
15
30
1.5
1.5
5
250","1525
15
30
1.5
1.5
5
250","1600
15
30
1.5
1.5
5
250","1675
15
30
1.5
1.5
5
250","1750
15
30
1.5
1.5
5
250","1825
15
30
1.5
1.5
5
250","1900
15
30
1.5
1.5
5
250","1975
15
30
1.5
1.5
5
250",60,"710
15
30
1.5
1.5
5
250","759
15
30
1.5
1.5
5
250","809
15
30
1.5
1.5
5
250","858
15
30
1.5
1.5
5
250","908
15
30
1.5
1.5
5
250","957
15
30
1.5
1.5
5
250","1007
15
30
1.5
1.5
5
250","1056
15
30
1.5
1.5
5
250","1106
15
30
1.5
1.5
5
250","1155
15
30
1.5
1.5
5
250","1205
15
30
1.5
1.5
5
250","1254
15
30
1.5
1.5
5
250","1304
15
30
1.5
1.5
5
250"
베루,베루.webp,교주의 천벌 - 베루,교주의 힘을 빌려 적에게 물리 피해를 입힌다.,물리 피해 : {0}%,38,175,185,200,210,230,245,265,290,315,340,,,,38,116,122,132,139,152,162,175,191,208,224,,,
벨라,벨라.webp,앳된 존재의 증명,"랜턴으로 불꽃을 빼앗아 무작위 적 6명에게 마법 피해를 입히고 <color=#F55471>도발</color>한다. 빼앗은 불꽃은 자신을 제외한 무작위 아군 6명에게 나눠 주어 매초 HP를 회복시킨다. 모든 불꽃을 나눠준 뒤, 자신의 HP를 회복한다.\n<color=#F55471>도발 : 도발한 대상을 기본 공격으로 공격한다.</color>",마법 피해 : {0}%\n도발 지속시간 : {1}초\n아군 지속 HP 회복 : 공격력의 {2}%\n회복 지속시간 : {3}초\n자신 HP 회복 : 감소된 HP의  {4}%,20,"600
8
180
4
40","620
8
200
4
42","640
8
220
4
44","660
8
240
4
46","680
8
260
4
48","700
8
280
4
50","720
8
300
4
52","740
8
320
4
54","760
8
340
4
56","780
8
360
4
58","800
8
380
4
60","820
8
400
4
62","840
8
420
4
64",40,"396
8
180
4
40","409
8
200
4
42","422
8
220
4
44","436
8
240
4
46","449
8
260
4
48","462
8
280
4
50","475
8
300
4
52","488
8
320
4
54","502
8
340
4
56","515
8
360
4
58","528
8
380
4
60","541
8
400
4
62","554
8
420
4
64"
벨리타,벨리타.webp,크림슨 레인,크림슨 레인을 폭격해 적들에게 10회 범위 마법 피해를 입힌다.,총 마법 피해 : {0}%,33,520,580,640,700,760,820,880,940,1000,1060,1120,1180,1240,33,343,383,422,462,502,541,581,620,660,700,739,779,818
벨벳,벨벳.webp,마법 : 원심 분리,"매우 빠르게 회전해 도끼로 주변을 휩쓸어 적들에게 11회 범위 물리 피해를 입히고, <color=#F55471>넉백</color>시킨다. 그리고 마지막 타격에 더 큰 피해를 입힌다.\n<color=#F55471>넉백 : 행동불가 상태로 뒤로 밀린다.</color>",물리 피해 : {0}%\n마지막 타격 물리 피해 : {1}%,44,"912
228","952
238","1024
256","1088
272","1168
292","1264
316","1376
344","1480
370","1608
402","1744
436","1880
470","2016
504","2152
538",44,"456
114","476
119","512
128","544
136","584
146","632
158","688
172","740
185","804
201","872
218","940
235","1008
252","1076
269"
블랑셰,블랑셰.webp,파랑새 정원,지정된 사거리 내에서 가장 멀리 있는 적에게 싱크로즈를 세 번 날린다. 마지막 타격에 범위 확정 치명타 피해를 입히고 범위 <color=#F55471>침묵</color>을 건다.\n<color=#F55471>침묵 : 모든 스킬을 사용할 수 없게 된다.</color>,마법 피해 : {0}%\n마지막 타격 피해 : {1}%\n침묵 지속시간 : {2}초,28,"324
216
4","344
230
4","366
244
4","388
259
4","410
273
4","432
288
4","452
302
4","474
316
4","496
331
4","518
345
4","540
359
4","562
373
4","584
387
4",34,"162
108
4","172
115
4","184
122
4","194
129
4","204
137
4","216
144
4","226
151
4","238
158
4","248
165
4","258
173
4","270
180
4","280
187
4","292
194
4"
비비,비비.webp,퀵실버랜스,수은 창을 날려 지정된 사거리 내에서 가장 멀리 있는 적에게 마법 피해를 입힌다. 적중한 적 주변에 수은을 퍼트려 적들의 공격력을 감소시키고 <color=#F55471>도발</color>한다.\n<color=#F55471>도발 : 도발한 대상을 기본 공격으로 공격한다.</color>,마법 피해 : {0}%\n공격력 감소 : {1}%\n공격력 감소 지속시간 : {2}초\n도발 지속시간 : {3}초,30,"720
12.5
7
7","860
12.5
7
7","1000
12.5
7
7","1140
12.5
7
7","1280
12.5
7
7","1420
12.5
7
7","1560
12.5
7
7","1700
12.5
7
7","1840
12.5
7
7","1980
12.5
7
7","2120
12.5
7
7","2260
12.5
7
7","2400
12.5
7
7",20,"360
12.5
7
7","430
12.5
7
7","500
12.5
7
7","570
12.5
7
7","640
12.5
7
7","710
12.5
7
7","780
12.5
7
7","850
12.5
7
7","920
12.5
7
7","990
12.5
7
7","1060
12.5
7
7","1130
12.5
7
7","1200
12.5
7
7"
빅우드,빅우드.webp,나를~ 바라 봐라~,적들을 <color=#F55471>도발</color> 한 뒤 HP를 회복한다.\n<color=#F55471>도발 : 도발한 대상을 기본 공격으로 공격한다.</color>,HP 회복 : 공격력의 {0}%\n도발 지속시간 : {1}초,38,"1590
4","1680
4","1780
4","1910
4","2050
4","2220
4","2400
4","2600
4","2810
4","3050
4","3300
4","3570
4","3860
4",38,"1590
4","1680
4","1780
4","1910
4","2050
4","2220
4","2400
4","2600
4","2810
4","3050
4","3300
4","3570
4","3860
4"
사리,사리.webp,교주의 천벌 - 사리,교주의 힘을 빌려 적에게 물리 피해를 입힌다.,물리 피해 : {0}%,38,175,185,200,210,230,245,265,290,315,340,,,,38,116,122,132,139,152,162,175,191,208,224,,,
샤샤,샤샤.webp,물대포 폭격!!,HP가 가장 높은 적에게 텀블러의 물줄기가 쏟아져 18회 마법 피해를 입히고 <color=#F55471>넉백</color>시킨다. 스킬 시전 도중 대상을 두 번 변경할 수 있다. 대상을 변경할 경우 공격하지 않은 적을 우선 공격한다.\n<color=#F55471>넉백 : 행동불가 상태로 뒤로 밀린다.</color>,총 마법 피해 : {0}%,20,1890,1980,2070,2160,2250,2340,2430,2520,2610,2700,2790,2880,2970,40,1242,1314,1368,1422,1494,1548,1602,1656,1728,1782,1836,1908,1962
셀리네,셀리네.webp,핑크 더스트,남은 HP 비율이 가장 낮은 적에게 마법 피해를 준다. 해당 스킬로 적 처치 시 자신에게 보호막을 생성한다.,마법 피해 : {0}%\n보호막 : 최대 HP의 {1}%\n보호막 지속시간 : {2}초,32,"432
48
9","516
51
9","600
54
9","684
57
9","768
61
9","852
66
9","936
71
9","1020
76
9","1104
82
9","1188
89
9","1272
96
9","1356
103
9","1440
111
9",32,"324
48
9","387
51
9","450
54
9","513
57
9","576
61
9","639
66
9","702
71
9","765
76
9","828
82
9","891
89
9","954
96
9","1017
103
9","1080
111
9"
셰럼,셰럼.webp,생생한 흑역사,"지정된 사거리 내에서 가장 뒤에 있는 적 위치에 일정 시간 동안 회한의 영역을 생성한다. 회한의 영역 위 적들에게 9회 범위 마법 피해를 입히고, 치명타를 감소시킨다.\n치명타 감소 효과는 중첩될 수 있다.",회한의 영역 지속시간 : {0}초\n초당 마법 피해 : {1}%\n치명타 감소 : {2}%\n치명타 감소 지속시간 : {3}초,40,"8
139
4
10","8
148
4
10","8
157
4
10","8
167
4
10","8
176
4
10","8
185
4
10","8
194
4
10","8
204
4
10","8
213
4
10","8
222
4
10","8
231
4
10","8
241
4
10","8
250
4
10",40,"8
92
4
10","8
98
4
10","8
104
4
10","8
110
4
10","8
116
4
10","8
122
4
10","8
128
4
10","8
135
4
10","8
141
4
10","8
147
4
10","8
152
4
10","8
159
4
10","8
165
4
10"
셰이디,셰이디.webp,타임 오브 셰이디,차원을 이동하며 무작위 적에게 6회 물리 피해를 입히고 <color=#F55471>침묵</color>을 건다.\n<color=#F55471>침묵 : 모든 스킬을 사용할 수 없게 된다.</color>,총 물리 피해 : {0}%\n침묵 지속시간 : {1}초,46,"740
12","785
12","830
12","897
12","964
12","1032
12","1122
12","1211
12","1312
12","1424
12","1537
12","1649
12","1761
12",46,"488
12","518
12","547
12","592
12","636
12","681
12","740
12","799
12","865
12","940
12","1014
12","1088
12","1162
12"
셰이디(역전),셰이디(역전).webp,사일런트 크래쉬,현란하게 낫을 휘둘러 적들에게 2회 범위 물리 피해를 입힌다.\n첫 번째 공격 후 대상의 남은 HP가 75% 이상이면 추가로 받는 피해량을 증가시킨다.\n두 번째 공격은 추가로 <color=#F55471>침묵</color>을 건다.\n<color=#F55471>침묵 : 모든 스킬을 사용할 수 없게 된다.</color>,총 물리 피해 : {0}%\n받는 피해량 증가 : {1}%\n받는 피해량 증가 지속시간 : {2}초\n침묵 지속시간 : {3}초,30,"1100
30
10
6","1200
30
10
6","1300
30
10
6","1400
30
10
6","1500
30
10
6","1600
30
10
6","1700
30
10
6","1800
30
10
6","1900
30
10
6","2000
30
10
6","2100
30
10
6","2200
30
10
6","2300
30
10
6",30,"726
30
10
6","792
30
10
6","858
30
10
6","924
30
10
6","990
30
10
6","1056
30
10
6","1122
30
10
6","1188
30
10
6","1254
30
10
6","1320
30
10
6","1386
30
10
6","1452
30
10
6","1518
30
10
6"
슈로,슈로.webp,종이 한장 차이,기를 모아 일정 시간 동안 가장 공격력이 높은 아군의 공격력을 일정 비율만큼 복사한다. 이 후 검기를 날려 적들에게 3회 범위 물리 피해를 입히고 <color=#F55471>넉백</color>시킨다.\n해당 효과의 지속시간 동안 자신의 공격력은 변경되지 않는다.\n<color=#F55471>넉백 : 행동불가 상태로 뒤로 밀린다.</color>,공격력 복사 지속 시간 : {0}초\n공격력 복사 비율 : {1}%\n총 물리 피해 : {2}%,20,"12
110
600","12
110
645","12
110
690","12
110
735","12
110
780","12
110
825","12
110
870","12
110
915","12
110
960","12
110
1005","12
110
1050","12
110
1095","12
110
1140",20,"12
110
396","12
110
426","12
110
456","12
110
486","12
110
516","12
110
546","12
110
573","12
110
603","12
110
633","12
110
663","12
110
693","12
110
723","12
110
753"
슈팡,슈팡.webp,슈팡배송,전방으로 질주하며 우편물을 흘리고 아군의 받는 피해량을 감소시킨다. 충돌한 적들에게는 범위 마법 피해를 입히고 <color=#F55471>소음</color>을 건다. \n<color=#F55471>소음 : 주는 피해량이 감소한다.</color>,마법 피해 : {0}%\n소음 지속시간 : {1}초\n받는 피해량 감소 : {2}%\n아군이 받는 피해량 감소 지속시간 : {3}초,42,"444
10
20
10","468
10
21
10","504
10
22
10","540
10
24
10","576
10
26
10","624
10
28
10","672
10
30
10","720
10
32
10","792
10
35
10","852
10
38
10","912
10
41
10","972
10
44
10","1032
10
47
10",42,"266
10
20
10","281
10
21
10","302
10
22
10","324
10
24
10","346
10
26
10","374
10
28
10","403
10
30
10","432
10
32
10","475
10
35
10","511
10
38
10","547
10
41
10","583
10
44
10","619
10
47
10"
스노키,스노키.webp,구역 점거,"높이 뛰어 올라 지면을 내려찬다. 자신을 중심으로 주변의 적들에게 범위 물리 피해를 입히고 <color=#F55471>넉백</color>시킨다. 자신과 근접한 적이 3명 이상일 경우, 물리 피해와 넉백 거리가 증가한다.\n<color=#F55471>넉백 : 행동불가 상태로 뒤로 밀린다.</color>",물리 피해 : {0}%\n강화 물리 피해 : {1}%,48,"400
532","430
572","460
612","490
652","520
692","550
732","580
771","610
811","640
851","670
891","700
931","730
971","760
1011",36,"264
351","284
378","304
404","323
430","343
457","363
483","383
509","403
535","422
562","442
588","462
614","482
641","502
667"
스피키,스피키.webp,트릭 오어 트릿~☆,남은 HP 비율이 가장 낮은 아군을 응원해 받는 피해량을 감소시킨다.,받는 피해량 감소 : {0}%\n받는 피해량 감소 지속시간 : {1}초,27,"20
6","21
6","22
6","24
6","26
6","28
6","30
6","32
6","35
6","38
6",,,,27,"20
6","21
6","22
6","24
6","26
6","28
6","30
6","32
6","35
6","38
6",,,
스피키(메이드),스피키(메이드).webp,터보 클린 모드으으!,"폭주하는 청소기에 끌려다니며 무작위 적들에게 5회 마법 피해를 입힌다. 적에게 부딪힐 때마다 자신의 마법 피해량이 증가한다. 마법 피해량 증가 효과는 최대 5회까지 중첩될 수 있다. 스킬 시전으로 적에게 진입한 후 적의 타겟 대상이 되지 않고, <color=#F55471>무적</color> 상태가 된다. \n<color=#F55471>무적 : 모든 피해 및 디버프에 면역이 된다.",총 마법 피해 : {0}%\n마법 피해량 증가 : {1}%\n마법 피해량 증가 지속시간 : {2}초,30,"2085
10
8","2215
10
8","2340
10
8","2530
10
8","2720
10
8","2910
10
8","3165
10
8","3415
10
8","3700
10
8","4015
10
8","4335
10
8","4650
10
8","4965
10
8",30,"1380
10
8","1460
10
8","1545
10
8","1670
10
8","1795
10
8","1920
10
8","2085
10
8","2255
10
8","2440
10
8","2650
10
8","2860
10
8","3070
10
8","3275
10
8"
시스트,시스트.webp,플렉스 건,플렉스 건을 발사하면 자신의 피해량이 증가하고 SP를 즉시 회복한다.,피해량 증가 : {0}%\n피해량 증가 지속시간 : {1}초\nSP 회복 : {2}%,24,"15
10
40","17
10
41","19
10
42","21
10
44","23
10
46","25
10
48","27
10
51","29
10
54","31
10
58","33
10
62","35
10
65","37
10
68","39
10
71",24,"15
10
40","17
10
41","19
10
42","21
10
44","23
10
46","25
10
48","27
10
51","29
10
54","31
10
58","33
10
62","35
10
65","37
10
68","39
10
71"
시온 더 다크불릿,시온 더 다크불릿.webp,종.말.의.폭.발★,지정된 사거리 내에서 가장 멀리 있는 적에게 범위 물리 피해를 입히고 <color=#F55471>마탄</color>을 3개 획득한다.\n<color=#F55471>마탄</color>은 최대 5개까지 획득 가능하다.\n<color=#F55471>마탄 : 물리 공격력이 상승한다.</color>,물리 피해 : {0}%\n마탄 물리 공격력 증가 : {1}%,14,"385
5","410
5","435
5","460
5","485
5","510
5","535
5","560
5","585
5","610
5","635
5","660
5","685
5",14,"254
5","271
5","287
5","304
5","320
5","337
5","353
5","370
5","386
5","403
5","419
5","436
5","452
5"
시저,시저.webp,가지치기,가위를 크게 휘둘러 적들에게 2회 범위 마법 피해를 입힌다. 마지막 타격은 적의 공격 속도를 감소시킨다.,총 마법 피해 : {0}%\n공격 속도 감소 : {1}%\n공격 속도 감소 지속시간 : {2}초,25,"826
50
6","900
50
6","976
50
6","1050
50
6","1126
50
6","1200
50
6","1276
50
6","1350
50
6","1426
50
6","1500
50
6","1576
50
6","1650
50
6","1726
50
6",25,"546
50
6","594
50
6","644
50
6","694
50
6","744
50
6","792
50
6","842
50
6","892
50
6","942
50
6","990
50
6","1040
50
6","1090
50
6","1140
50
6"
실라,실라.webp,헥토파스칼 스윙!,바람의 정령을 날려 보내 지정된 사거리 내에서 가장 멀리 있는 적에게 물리 피해를 입힌다.,물리 피해 : {0}%,25,1019,1071,1145,1229,1313,1418,1533,1659,1806,1953,2100,2247,2394,25,673,707,756,811,867,936,1012,1095,1192,1289,1386,1483,1580
실피르,실피르.webp,킹갓zi존실피르 어택,적에게 단검 투척을 실행한다. 학년에 따라 던지는 단검 개수가 증가한다.,4학년 : 공격 단검 4개. 물리 피해 : {0}%\n5학년 : 공격 단검 6개. 물리 피해 : {1}%\n6학년 : 공격 단검 8개. 물리 피해 : {2}%,30,"180
225
315","220
275
385","260
325
455","300
375
525","340
425
595","380
475
665","420
525
735","460
575
805","500
625
875","540
675
945",,,,30,"119
149
208","145
182
254","172
215
300","198
248
347","224
281
393","251
314
439","277
347
485","304
380
531","330
413
578","356
446
624",,,
아네트,아네트.webp,편파 중계,"선동된 관중들이 쓰레기를 던지게 만들어 무작위 적들에게 12회 마법 피해를 입힌다. 가장 공격력이 높은 적에게 <color=#F55471>출전 금지</color>를 건다.\n<color=#F55471>출전 금지 : 전투에 참가할 수 없는 행동불가 상태가 된다. 해제되거나 지속시간이 다하면, 일정 시간 동안 공격력이 감소한다.</color>",총 마법 피해 : {0}%\n출전 금지 지속시간 : {1}초\n공격력 감소 : {2}%\n공격력 감소 지속시간 : {3}초,40,"1980
7
25
14","2160
7
25
14","2340
7
25
14","2520
7
25
14","2700
7
25
14","2880
7
25
14","3060
7
25
14","3240
7
25
14","3420
7
25
14","3600
7
25
14","3780
7
25
14","3960
7
25
14","4140
7
25
14",30,"1308
7
25
14","1428
7
25
14","1548
7
25
14","1668
7
25
14","1788
7
25
14","1896
7
25
14","2016
7
25
14","2136
7
25
14","2256
7
25
14","2376
7
25
14","2496
7
25
14","2616
7
25
14","2736
7
25
14"
아르코,아르코.webp,퍼플 쇼츠,"순간 이동한 뒤 춤을 추며 가장 공격력이 높은 적에게 8회 범위 물리 피해를 입힌다. 공격을 받는 대상의 남은 HP 비율이 50% 미만이면 확정 치명타 물리 피해로 입힌다.\n고학년 스킬 사용 중에는 적의 타겟 대상이 되지 않고, <color=#F55471>무적</color> 상태가 된다.\n<color=#F55471>무적 : 모든 피해 및 디버프에 면역이 된다.</color>",총 물리 피해 : {0}%,40,1120,1240,1360,1480,1600,1720,1840,1960,2080,2200,2320,2440,2560,40,736,816,896,976,1056,1136,1216,1296,1376,1456,1528,1608,1688
아멜리아,아멜리아.webp,초전도 레이저 캐논,"최신형 레이저 캐논을 발사해 적들에게 9회 범위 물리 피해를 입히고,마지막 타격에 더 큰 피해를 입힌다. 적이 <color=#F55471>감전</color> 상태일 경우 <color=#F55471>기절</color>을 건다.\n<color=#F55471>감전 : 공격 및 이동속도가 감소한다.</color>\n<color=#F55471>기절 : 행동불가 상태가 된다.</color>",물리 피해 : {0}%\n마지막 타격 물리 피해 : {1}%\n기절 지속시간 : {2}초,29,"125
501
4","132
528
4","140
563
4","151
607
4","162
651
4","176
704
4","189
756
4","206
827
4","222
888
4","242
968
4","253
1012
4","264
1056
4","275
1100
4",29,"62
251
4","66
264
4","70
281
4","76
304
4","81
325
4","88
352
4","94
378
4","103
413
4","111
444
4","121
484
4","126
506
4","132
528
4","137
550
4"
아멜리아(R41),아멜리아(R41).webp,초고출력 전자포,"엘렌-A로 정화 파동을 방출한다. 주변 아군 사도가 디버프를 보유 중일 경우, 디버프를 두 개 해제한다.\n전자포를 발사해 적들에게 범위 마법 피해를 입힌다. 적이 <color=#F55471>감전</color> 상태일 경우 <color=#F55471>기절</color>을 건다.\n<color=#F55471>감전 : 공격 및 이동속도가 감소한다.</color>\n<color=#F55471>기절 : 행동불가 상태가 된다.</color>",마법 피해 : {0}%\n기절 지속시간 : {1}초,40,"915
4","980
4","1045
4","1110
4","1175
4","1240
4","1305
4","1370
4","1435
4","1500
4","1565
4","1630
4","1695
4",40,"604
4","647
4","690
4","733
4","776
4","818
4","861
4","904
4","947
4","990
4","1033
4","1076
4","1119
4"
아사나,아사나.webp,명상 시간,"명상에 잠겨 주변 적들에게 6회 범위 물리 피해를 입힌다.\n마지막 타격에 더 높은 피해를 입히며, SP를 감소시키고 고학년 스킬 재사용 대기시간을 증가시킨다.\n명상하는 동안 주변 아군의 HP를 5회 회복시킨다.\n고학년 스킬 사용 중에는 자신의 받는 피해량이 감소한다.",물리 피해 : {0}%\n마지막 타격 물리 피해 : {1}%\nSP 감소량 : {2}\n고학년 스킬 재사용 대기시간 증가 : {3}초\n총 HP 회복 : 최대 HP의 {4}%\n받는 피해량 감소 : {5}%,40,"900
375
200
5
50
50","975
400
200
5
52.5
50","1050
425
200
5
55
50","1125
450
200
5
57.5
50","1200
475
200
5
60
50","1275
500
200
5
62.5
50","1350
525
200
5
65
50","1425
550
200
5
67.5
50","1500
575
200
5
70
50","1575
600
200
5
72.5
50","1650
625
200
5
75
50","1725
650
200
5
77.5
50","1800
675
200
5
80
50",35,"595
248
200
5
50
50","645
264
200
5
52.5
50","695
281
200
5
55
50","745
297
200
5
57.5
50","790
314
200
5
60
50","840
330
200
5
62.5
50","890
347
200
5
65
50","940
363
200
5
67.5
50","990
380
200
5
70
50","1040
396
200
5
72.5
50","1090
413
200
5
75
50","1140
429
200
5
77.5
50","1190
446
200
5
80
50"
아야,아야.webp,만개설화,"적에게 눈꽃을 피운다. 눈꽃은 적들에게 범위 마법 피해를 입히고, <color=#F55471>동상</color>을 건다. 적중한 무작위 적에게 새로운 눈꽃을 피워 적들에게 범위 마법 피해를 입힌다.\n눈꽃은 최대 5번까지 피어나고, 같은 대상에게 한 번만 발동한다.\n<color=#F55471>동상 : 매초 피해를 입으며 냉정 성격 아군에게 받는 피해량이 증가한다.</color>",마법 피해 : {0}%\n동상 시 냉정 성격 아군에게 받는 피해량 증가 : {1}%\n동상 지속시간 : {2}초,20,"420
75
10","440
75
10","460
75
10","480
75
10","500
75
10","520
75
10","540
75
10","560
75
10","580
75
10","600
75
10","620
75
10","640
75
10","660
75
10",20,"277
75
10","290
75
10","304
75
10","317
75
10","330
75
10","343
75
10","356
75
10","370
75
10","383
75
10","396
75
10","409
75
10","422
75
10","436
75
10"
아이시아,아이시아.webp,CEO의 비밀 병기,"냉각 미사일의 초탄을 적에게 발사하고, 적 진영에 대량으로 난사한다.\n초탄은 적에게 마법 피해를 입히고, <color=#F55471>기절</color>을 건다.\n난사된 미사일은 회전하며 적들에게 범위 마법 피해를 입히고, 일정 시간 동안 받는 마법 피해량을 증가시킨다.\n난사된 미사일은 같은 대상에게 한 번만 피격된다.\n<color=#F55471>기절 : 행동불가 상태가 된다.</color>",초탄 마법 피해 : {0}%\n기절 지속시간 : {1}초\n난사된 미사일 마법 피해 : {2}%\n받는 마법 피해량 증가 : {3}%\n받는 마법 피해량 증가 지속시간 : {4}초,40,"100
2
360
30
9","100
2
375
30
9","100
2
390
30
9","100
2
405
30
9","100
2
420
30
9","100
2
435
30
9","100
2
450
30
9","100
2
465
30
9","100
2
480
30
9","100
2
495
30
9","100
2
510
30
9","100
2
525
30
9","100
2
540
30
9",20,"66
2
238
30
9","66
2
248
30
9","66
2
257
30
9","66
2
267
30
9","66
2
277
30
9","66
2
287
30
9","66
2
297
30
9","66
2
307
30
9","66
2
317
30
9","66
2
327
30
9","66
2
337
30
9","66
2
347
30
9","66
2
356
30
9"
아일라,아일라.webp,활활화산,"<color=#F55471>대분화</color> 상태가 되고, 모든 적에게 <color=#F55471>화상</color>을 건다.\n<color=#F55471>대분화</color> 지속시간 동안 매초 모든 아군의 공격 속도와 최대 HP를 증가시킨다. 일정 시간마다 거대 화산 정령을 떨어뜨려 가장 공격력이 높은 적에게 범위 마법 피해를 입히고 <color=#F55471>기절</color>을 건다.\n아군의 보호막이 파괴되거나 지속시간이 다할 때마다 <color=#F55471>빠직</color> 1중첩을 획득하며, 최대 15중첩까지 획득 가능하다.\n고학년 스킬 사용 시 <color=#F55471>빠직</color> 중첩을 모두 소모하고, 소모한 개수만큼 <color=#F55471>대분화</color>의 지속시간이 증가한다. \n<color=#F55471>대분화</color>는 해제할 수 없다.\n<color=#F55471>화상 : 매초 피해를 입는다.</color>\n<color=#F55471>기절 : 행동불가 상태가 된다.</color>","대분화 지속시간 : {0}초\n화상 지속시간 : {1}초\n공격 속도 증가 : {2}%\n기본 최대 HP 증가 : {3}%\n공격 속도, 최대 HP 증가 지속시간 : {4}초\n거대 화산 정령 낙하 간격 : {5}초\n거대 화산 정령 마법 피해 : {6}%\n기절 지속시간 : {7}초\n소모한 빠직 1중첩당 대분화 지속시간 증가 : {8}초",60,"20
3
30
75
3
5
164
1.5
1","20
3
30
75
3
5
179
1.5
1","20
3
30
75
3
5
194
1.5
1","20
3
30
75
3
5
208
1.5
1","20
3
30
75
3
5
223
1.5
1","20
3
30
75
3
5
238
1.5
1","20
3
30
75
3
5
253
1.5
1","20
3
30
75
3
5
268
1.5
1","20
3
30
75
3
5
283
1.5
1","20
3
30
75
3
5
298
1.5
1","20
3
30
75
3
5
313
1.5
1","20
3
30
75
3
5
327
1.5
1","20
3
30
75
3
5
342
1.5
1",40,"20
3
30
75
3
5
108
1.5
1","20
3
30
75
3
5
118
1.5
1","20
3
30
75
3
5
128
1.5
1","20
3
30
75
3
5
137
1.5
1","20
3
30
75
3
5
147
1.5
1","20
3
30
75
3
5
157
1.5
1","20
3
30
75
3
5
167
1.5
1","20
3
30
75
3
5
177
1.5
1","20
3
30
75
3
5
187
1.5
1","20
3
30
75
3
5
197
1.5
1","20
3
30
75
3
5
207
1.5
1","20
3
30
75
3
5
216
1.5
1","20
3
30
75
3
5
226
1.5
1"
알레트,알레트.webp,교주의 보호 - 알레트,교주의 힘을 빌려 피해를 흡수하는 보호막을 자신에게 생성한다.,보호막 : 최대 HP의 {0}%\n보호막 지속시간 : {1}초,44,"38
6","43
6","48
6","53
6","58
6","63
6","68
6","73
6","78
6","83
6",,,,44,"38
6","43
6","48
6","53
6","58
6","63
6","68
6","73
6","78
6","83
6",,,
앨리스,앨리스.webp,액땜,가장 최근 아르카나로 뽑았던 카드에 따라 스킬 효과를 강화하여 발동한다. 아르카나를 사용한 적이 없다면 생채기 주의가 발동한다.\n<color=#F55471>감전 : 공격 및 이동속도가 감소한다.</color>\n<color=#F55471>화상 : 매초 피해를 입는다.</color>\n<color=#F55471>기절 : 행동불가 상태가 된다.</color>,우산 지참 총 마법 피해 : {0}%\n잔불 조심 마법 피해 : {1}%\n생채기 주의 총 마법 피해 : {2}%\n감전 지속시간 : {3}초\n화상 지속시간 : {4}초\n기절 지속시간 : {5}초,32,"858
1165
613
8
6
4","899
1220
642
8
6
4","939
1275
671
8
6
4","981
1332
701
8
6
4","1022
1387
730
8
6
4","1064
1444
760
8
6
4","1105
1499
789
8
6
4","1145
1554
818
8
6
4","1187
1611
848
8
6
4","1228
1666
877
8
6
4","1270
1723
907
8
6
4","1310
1778
936
8
6
4","1351
1834
965
8
6
4",32,"566
769
405
8
6
4","593
805
424
8
6
4","620
842
443
8
6
4","647
879
463
8
6
4","675
915
482
8
6
4","702
953
502
8
6
4","729
989
521
8
6
4","756
1026
540
8
6
4","783
1063
560
8
6
4","810
1100
579
8
6
4","838
1137
599
8
6
4","865
1173
618
8
6
4","892
1210
637
8
6
4"
에르핀,에르핀.webp,돌겨어어어!!! 억…?,지팡이에 마력을 가득담아 돌격해 적들에게 범위 마법 피해를 입힌다.,마법 피해 : {0}%,44,525,555,590,635,680,735,795,860,935,1010,1050,1090,1130,32,347,366,389,419,449,485,525,568,617,667,693,719,746
에슈르,에슈르.webp,빵테오,거대한 케이크를 낙하시켜 가운데 있는 적에게 범위 마법 피해를 입히고 <color=#F55471>기절</color>을 건다. 주변에 다른 적이 있다면 조각 케이크가 튕겨 마법 피해를 입힌다.\n조각 케이크는 최대 3명에게 튕긴다.\n<color=#F55471>기절 : 행동불가 상태가 된다.</color>,마법 피해 : {0}%\n기절 지속시간 : {1}초\n조각 케이크 마법 피해 : {2}%,42,"960
6
480","1020
6
510","1080
6
540","1140
6
570","1200
6
600","1260
6
630","1320
6
660","1380
6
690","1440
6
720","1500
6
750","1560
6
780","1620
6
810","1680
6
840",24,"634
6
317","673
6
337","713
6
356","752
6
376","792
6
396","832
6
416","871
6
436","911
6
455","950
6
475","990
6
495","1030
6
515","1069
6
535","1109
6
554"
에스피,에스피.webp,까~꿍!,순간 이동한 뒤 가장 공격력이 높은 적에게 마법 피해를 입히고 SP를 감소시킨다.,마법 피해 : {0}%\nSP 감소량 : {1}%,33,"440
35.2","465
37.2","495
39.6","535
42.4","575
45.6","620
49.2","670
53.2","725
57.6","785
62.4","850
67.6","915
73.2","980
79.2","1045
85.6",20,"290
35.2","307
37.2","327
39.6","353
42.4","380
45.6","409
49.2","442
53.2","479
57.6","518
62.4","561
67.6","604
73.2","647
79.2","690
85.6"
에피카,에피카.webp,교주에게 바칩니다,교주를 기리는 영웅담을 연주한다. 연주가 끝날 때까지 에피콘들은 무작위 적에게 물리 피해를 입힌다. 해당 공격은 기본 공격 피해로 취급한다. 일정 시간 동안 주변 아군의 주는 피해량을 증가시킨다.<br>연주를 마친 후 만족스러운 연주 상태가 된다.<br>스킬 시전 중에도 일반 공격을 사용할 수 있다.<br>만족스러운 연주 : 일반 공격 피해량과 공격 속도가 증가한다.,소환수 물리 피해 : {0}%\n연주 지속시간 : {1}초\n주는 피해량 증가 : {2}%\n주는 피해량 증가 지속시간 : {3}초\n일반 공격 피해량 증가 : {4}%\n공격 속도 증가 : {5}%\n만족스러운 연주 지속시간 : {6}초,54,"72
6
27
8
75
25
10","78
6
27
8
75
25
10","84
6
27
8
75
25
10","90
6
27
8
75
25
10","96
6
27
8
75
25
10","102
6
27
8
75
25
10","108
6
27
8
75
25
10","114
6
27
8
75
25
10","120
6
27
8
75
25
10","126
6
27
8
75
25
10","132
6
27
8
75
25
10","138
6
27
8
75
25
10","144
6
27
8
75
25
10",44,"72
6
27
8
75
25
10","78
6
27
8
75
25
10","84
6
27
8
75
25
10","90
6
27
8
75
25
10","96
6
27
8
75
25
10","102
6
27
8
75
25
10","108
6
27
8
75
25
10","114
6
27
8
75
25
10","120
6
27
8
75
25
10","126
6
27
8
75
25
10","132
6
27
8
75
25
10","138
6
27
8
75
25
10","144
6
27
8
75
25
10"
엘레나,엘레나.webp,코드네임 D - CAT,특수 드론을 보낸 후 펄스파를 주변으로 방출해 적들에게 6회 범위 물리 피해를 입힌다.,물리 피해 : {0}%\n마지막 폭파 물리 피해 : {1}%,28,"237
237","250
250","262
262","281
281","306
306","331
331","356
356","387
387","419
419","456
456","494
494","531
531","569
569",28,"157
157","165
165","173
173","186
186","202
202","219
219","235
235","256
256","276
276","301
301","326
326","351
351","375
375"
오르,오르.webp,휴대용 돔 전개기,"기계팔로 이동식 자기장을 펼치고, 유성우를 소환한다.\n자기장 안의 아군이 <color=#F55471>직접 피해</color>를 받으면 HP와 SP를 회복시키고, 적은 <color=#F55471>넉백</color>시킨다.\n유성우는 무작위 적들에게 24회 마법 피해를 입힌다.\n고학년 스킬 사용 중에는 <color=#F55471>삼키기</color>에 면역이 되고, 일정 시간마다 가장 가까운 아군에게 달려간다.\n<color=#F55471>직접 피해 : 상태이상 피해, 반사 피해, 저주 피해, 분산 피해를 제외한 직접 공격에 의한 피해를 의미한다.</color>\n<color=#F55471>넉백 : 행동불가 상태로 뒤로 밀린다.</color>","총 마법 피해 : {0}%\n자기장 지속시간 : {1}초\n피격 시 HP 회복 : 최대 HP의 {2}%\n피격 시 SP 회복 : {3}%\n피격 시 HP, SP 회복 재사용 대기시간 : {4}초",34,"1080
9
8
4
0.5","1152
9
8.5
4.2
0.5","1224
9
9
4.4
0.5","1296
9
9.5
4.6
0.5","1368
9
10
4.8
0.5","1440
9
10.5
5
0.5","1512
9
11
5.2
0.5","1584
9
11.5
5.4
0.5","1656
9
12
5.6
0.5","1728
9
12.5
5.8
0.5","1800
9
13
6
0.5","1872
9
13.5
6.2
0.5","1944
9
14
6.4
0.5",18,"1080
9
8
4
0.5","1152
9
8.5
4.2
0.5","1224
9
9
4.4
0.5","1296
9
9.5
4.6
0.5","1368
9
10
4.8
0.5","1440
9
10.5
5
0.5","1512
9
11
5.2
0.5","1584
9
11.5
5.4
0.5","1656
9
12
5.6
0.5","1728
9
12.5
5.8
0.5","1800
9
13
6
0.5","1872
9
13.5
6.2
0.5","1944
9
14
6.4
0.5"
오팔,오팔.webp,오팔 파우더,"반짝이는 보석 가루를 전방에 2회 뿌린다.\n첫 번째 가루는 자신에게 보호막을 생성하고, 아군에게 보호막을 부여한다.\n두 번째 가루는 일정 시간 동안 적의 SP 회복을 중단시키고, <color=#F55471>침묵</color>을 건다. 디버프를 보유한 적은 SP 회복 중단 지속시간이 증가한다.\n<color=#F55471>침묵 : 모든 스킬을 사용할 수 없게 된다.</color>",보호막 : 최대 HP의 {0}%\n보호막 지속시간 : {1}초\nSP 회복 중단 지속시간 : {2}초\n디버프 보유 적 SP 회복 중단 지속시간 : {3}초\n침묵 지속시간 : {4}초,30,"26
6
6
9
6","28
6
6
9
6","29
6
6
9
6","30
6
6
9
6","32
6
6
9
6","33
6
6
9
6","35
6
6
9
6","36
6
6
9
6","37
6
6
9
6","39
6
6
9
6","40
6
6
9
6","42
6
6
9
6","43
6
6
9
6",30,"26
6
6
9
6","28
6
6
9
6","29
6
6
9
6","30
6
6
9
6","32
6
6
9
6","33
6
6
9
6","35
6
6
9
6","36
6
6
9
6","37
6
6
9
6","39
6
6
9
6","40
6
6
9
6","42
6
6
9
6","43
6
6
9
6"
요미,요미.webp,지극정성의 마중,"전방으로 구름을 걷는 달빛을 소환한다. 달빛은 일정 간격마다 적들에게 마법 피해를 입히고 SP를 감소시키며, 아군의 SP를 회복시킨다.",달빛 효과 간격 : {0}초\n마법 피해 : {1}%\n적 SP 감소량 : {2}\n아군 SP 회복량 : {3},40,"0.5
203
10
10","0.5
218
10
10","0.5
233
10
10","0.5
248
10
10","0.5
263
10
10","0.5
278
10
10","0.5
293
10
10","0.5
308
10
10","0.5
323
10
10","0.5 
338
10
10","0.5
353
10
10","0.5
368
10
10","0.5
383
10
10",20,"0.5
134
10
10","0.5
144
10
10","0.5
154
10
10","0.5
164
10
10","0.5
174
10
10","0.5
183
10
10","0.5
193
10
10","0.5
203
10
10","0.5
213
10
10","0.5
223
10
10","0.5
233
10
10","0.5
243
10
10","0.5
253
10
10"
우로스,우로스.webp,압도,"순간적으로 이동해 적들에게 2회 범위 물리 피해를 입힌다.\n필드 위에 있는 자신과 같은 성격인 아군 사도 수만큼 피해가 추가된다.\n고학년 스킬 사용 중에는 적의 타겟 대상이 되지 않고, <color=#F55471>무적</color> 상태가 된다.\n<color=#F55471>무적 : 모든 피해 및 디버프에 면역이 된다.",총 물리 피해 : {0}%\n같은 성격 아군 1명당 총 피해 추가  : {1}%,40,"1350
200","1400
210","1450
220","1500
230","1550
240","1600
250","1650
260","1700
270","1750
280","1800
290","1850
300","1900
310","1950
320",40,"892
200","924
210","958
220","990
230","1024
240","1056
250","1090
260","1122
270","1156
280","1188
290","1222
300","1254
310","1288
320"
우이,우이.webp,말하는대로!,에루가 노래를 불러 서로 다른 3명에게 아래 효과를 부여한다.\n남은 HP 비율이 가장 낮은 아군의 HP를 전부 회복시키고 보호막을 부여한다.\n남은 SP 비율이 가장 낮은 아군의 SP를 전부 회복시킨다.\n무작위 적에게 <color=#F55471>변이</color>를 건다.\n<color=#F55471>변이 : 사물로 변경되며 행동불가 상태가 된다.,보호막 : 최대 HP의 {0}%\n보호막 지속시간 : {1}초\n변이 지속시간 : {2}초,40,"10
6
4","15
6
4.2","20
6
4.4","25
6
4.6","30
6
4.8","35
6
5","40
6
5.2","45
6
5.4","50
6
5.6","55
6
5.8","60
6
6","65
6
6.2","70
6
6.4",30,"10
6
4","15
6
4.2","20
6
4.4","25
6
4.6","30
6
4.8","35
6
5","40
6
5.2","45
6
5.4","50
6
5.6","55
6
5.8","60
6
6","65
6
6.2","70
6
6.4"
유미미,유미미.webp,교주의 천벌 - 유미미,교주의 힘을 빌려 지정된 사거리 내에서 가장 멀리 있는 적에게 물리 피해를 입힌다.,물리 피해 : {0}%,40,425,450,480,515,555,595,645,700,760,820,,,,40,281,297,317,340,366,393,426,462,502,541,,,
이드,이드.webp,너와 나의 우주,주변 아군의 스킬 피해량을 증가시키며 적들에게는 4회 범위 마법 피해를 입히고 SP를 감소시킨다.,스킬 피해량 증가 : {0}%\n스킬 피해량 증가 지속시간 : {1}초\n총 마법 피해 : {2}%\n총 SP 감소량 :  {3},42,"50
6
320
128","50
6
352
128","50
6
384
128","50
6
416
128","50
6
448
128","50
6
480
128","50
6
512
128","50
6
544
128","50
6
576
128","50
6
608
128","50
6
640
128","50
6
672
128","50
6
704
128",28,"50
6
256
128","50
6
282
128","50
6
307
128","50
6
333
128","50
6
358
128","50
6
384
128","50
6
410
128","50
6
435
128","50
6
461
128","50
6
486
128","50
6
512
128","50
6
538
128","50
6
563
128"
이프리트,이프리트.webp,캠프파이어,공중으로 뛰어오른 뒤 낙하해 지정된 사거리 내에서 가장 멀리 있는 적에게 11회 범위 마법 피해를 입히고 <color=#F55471>화상</color>을 건다.\n<color=#F55471>화상 : 매초 피해를 입는다.</color>,총 마법 피해 : {0}%\n화상 지속시간 : {1}초,35,"205
6","215
6","230
6","245
6","265
6","285
6","310
6","335
6","365
6","395
6",,,,24,"135
6","142
6","152
6","162
6","175
6","188
6","205
6","221
6","241
6","261
6",,,
잉클,잉클.webp,한 폭 수묵화,수묵화를 펼쳐 적들에게 범위 마법 피해를 입히고 <color=#F55471>먹빛</color>을 3개 남긴다.\n매초 수묵화 위 아군의 공격 속도를 증가시킨다.,마법 피해 : {0}%\n수묵화 지속시간 : {1}초\n공격 속도 증가 : {2}%\n공격 속도 증가 지속시간 : {3}초,35,"1344
3
50
3","1438
3
50
3","1531
3
50
3","1625
3
50
3","1719
3
50
3","1813
3
50
3","1906
3
50
3","2000
3
50
3","2094
3
50
3","2188
3
50
3","2281
3
50
3","2375
3
50
3","2469
3
50
3",20,"887
3
50
3","949
3
50
3","1010
3
50
3","1073
3
50
3","1135
3
50
3","1197
3
50
3","1258
3
50
3","1320
3
50
3","1382
3
50
3","1444
3
50
3","1505
3
50
3","1568
3
50
3","1630
3
50
3"
제이드,제이드.webp,게르마늄 탐지법,"지면을 갈라 광물들이 솟구쳐 적들에게 4회 범위 마법 피해를 입히며, 즉시 비취옥 3중첩을 얻고 SP를 회복한다.",총 마법 피해 : {0}%\nSP 회복 : {1}%,24,"1104
15","1176
15","1248
15","1320
15","1440
15","1536
15","1656
15","1800
15","1944
15","2112
15","2304
15","2472
15","2688
15",48,"728
15","776
15","824
15","872
15","952
15","1012
15","1092
15","1188
15","1284
15","1392
15","1520
15","1632
15","1776
15"
죠안,죠안.webp,제가 목도한 것을,"적들에게 범위 물리 피해를 입히고, 피해 입은 사도의 고학년 스킬 재사용 대기시간을 증가시킨다. 자신은 20초 동안 <color=#F55471>꿈결 형상</color> 상태가 되고, 자신을 제외한 모든 아군에게 보호막을 부여한다. <color=#F55471>꿈결 형상</color>은 해제할 수 없다. 자신의 배치열에 따라 공격 대상이 변경된다.\n전열 배치 : 가장 가까운 적\n중열 배치 : 가운데에 있는 적\n후열 배치 : 지정된 사거리 내에서 가장 멀리 있는 적\n<color=#F55471>꿈결 형상 : 일반 공격의 효과가 변경된다.</color>",물리 피해 : {0}%\n재사용 대기시간 증가 : {1}초\n아군 보호막 : 최대 HP의 {2}%\n아군 보호막 지속시간 : {3}초,42,"400
6
20
10","440
6
21
10","480
6
22
10","520
7
23
10","560
7
24
10","600
7
25
10","640
8
26
10","680
8
27
10","720
8
28
10","760
9
29
10","800
9
30
10","840
9
31
10","880
10
32
10",26,"264
6
20
10","290
6
21
10","317
6
22
10","343
7
23
10","370
7
24
10","396
7
25
10","422
8
26
10","449
8
27
10","475
8
28
10","502
9
29
10","528
9
30
10","554
9
31
10","581
10
32
10"
쥬비,쥬비.webp,행복했쮸비,자신과 친구 꿀벌이 주는 피해량을 증가시킨다.,피해량 증가 : {0}%\n피해량 증가 지속시간 : {1}초,29,"31
8","33
8","35
8","37
8","40
8","43
8","47
8","50
8","55
8","59
8",,,,29,"31
8","33
8","35
8","37
8","40
8","43
8","47
8","50
8","55
8","59
8",,,
쵸피,쵸피.webp,교주의 천벌 - 쵸피,교주의 힘을 빌려 적에게 물리 피해를 입힌다.,물리 피해 : {0}%,38,605,640,680,730,785,845,915,990,1075,1165,,,,38,399,422,449,482,518,558,604,653,710,769,,,
카렌,카렌.webp,교주의 축복 - 카렌,교주의 힘을 빌려 남은 HP 비율이 가장 낮은 아군을 회복시킨다.,HP 회복 : 공격력의 {0}%,35,575,610,650,695,745,805,870,945,1025,1110,,,,35,575,610,650,695,745,805,870,945,1025,1110,,,
칸나,칸나.webp,양자폭탄,추적하는 폭탄을 발사해 공격력이 가장 높은 적에게 범위 물리 피해를 입힌다.,물리 피해 : {0}%,45,950,1000,1070,1140,1230,1330,1440,1560,1680,1830,1980,2130,2280,45,627,660,706,752,812,878,950,1030,1109,1208,1307,1406,1505
칸타,칸타.webp,탑스핀 크래쉬,HP가 가장 높은 적에게 폭탄팽이를 던진다. 폭탄팽이는 적에게 충돌 후 폭발하며 범위 물리 피해를 입힌다. 주변에 쇠팽이가 있으면 연쇄 폭발을 일으켜 피해를 입힌다.,물리 피해 : {0}%\n소환수 연쇄 폭발 물리 피해 : {1}%,30,"660
300","708
300","756
300","804
300","852
300","900
300","948
300","996
300","1044
300","1092
300",,,,30,"436
300","467
300","499
300","531
300","562
300","594
300","626
300","657
300","689
300","721
300",,,
캐시,캐시.webp,점프 스케어,"가방과 함께 지정된 사거리 내에서 가운데에 있는 적에게 날아가 범위 물리 피해를 입힌다. 적 1명에게는 추가로 <color=#F55471>놀람</color>을 건다. 가방에 들어 있는 동안 적의 타겟 대상이 되지 않고, <color=#F55471>무적</color> 상태가 된다. \n<color=#F55471>놀람 : 적의 반대 방향으로 천천히 이동한다.\n<color=#F55471>무적 : 모든 피해 및 디버프에 면역이 된다.",물리 피해 : {0}%\n놀람 지속시간 : {1}초,24,"600
2","640
2","680
2","720
2","760
2","800
2","840
2","880
2","920
2","960
2","1000
2","1040
2","1080
2",24,"396
2","422
2","449
2","475
2","502
2","528
2","554
2","581
2","607
2","634
2","660
2","686
2","713
2"
캬롯,캬롯.webp,수액 펌프 발사!,"아군, 적들에게 사탕수수 수액을 각각 12회 난사한다. 아군에게 발사된 수액은 범위 내 아군의 SP를 회복시키고, 적에게 발사된 수액은 범위 내 적에게 마법 피해를 준다. 마지막으로 적에게 발사된 수액은 <color=#F55471>침묵</color>을 건다.\n<color=#F55471>침묵 : 모든 스킬을 사용할 수 없게 된다.</color>",1발당 SP 회복량 : {0}\n총 마법 피해 : {1}%\n침묵 지속시간 : {2}초,36,"9
1440
6","10
1512
6","11
1584
6","12
1656
6","13
1728
6","14
1800
6","15
1872
6","16
1944
6","17
2016
6","18
2088
6","19
2160
6","20
2232
6","21
2304
6",24,"9
948
6","10
996
6","11
1044
6","12
1092
6","13
1140
6","14
1188
6","15
1236
6","16
1284
6","17
1332
6","18
1380
6","19
1428
6","20
1476
6","21
1524
6"
코미,코미.webp,엘프산 특제 사료,"특수한 사료를 먹어 일정 시간 동안 거대화한다. 착지 시 충격파를 일으켜 적들에게 범위 물리 피해를 입히고, 거대화 시 HP를 회복하며, 거대화 지속시간 동안 피해량과 공격 속도가 증가한다.",HP 회복 : 입힌 피해량의 {0}%\n물리 피해 : {1}%\n거대화 시 피해량 증가 : {2}%\n거대화 시 공격 속도 증가 : {3}%\n거대화 지속시간 : {4}초,56,"500
530
10
250
12","500
560
10
250
12","500
590
10
250
12","500
640
10
250
12","500
680
10
250
12","500
740
10
250
12","500
800
10
250
12","500
860
10
250
12","500
940
10
250
12","500
1010
10
250
12","500
1100
10
250
12","500
1190
10
250
12","500
1280
10
250
12",56,"500
350
10
250
12","500
370
10
250
12","500
389
10
250
12","500
422
10
250
12","500
449
10
250
12","500
488
10
250
12","500
528
10
250
12","500
568
10
250
12","500
620
10
250
12","500
667
10
250
12","500
726
10
250
12","500
785
10
250
12","500
845
10
250
12"
코미(수영복),코미(수영복).webp,풀장 후보지라구,일정 시간 동안 무작위 적 위치에 6회 소금물을 퍼붓는다. 낙수 지역의 적들에게 범위 마법 피해를 입히고 <color=#F55471>침묵</color>을 건다.\n<color=#F55471>침묵 : 모든 스킬을 사용할 수 없게 된다.</color>,총 마법 피해 : {0}%\n침묵 지속시간 : {1}초,32,"2880
4","3078
4","3258
4","3456
4","3654
4","3834
4","4032
4","4230
4","4410
4","4608
4","4806
4","4986
4","5184
4",32,"1902
4","2034
4","2148
4","2280
4","2412
4","2532
4","2664
4","2790
4","2910
4","3042
4","3174
4","3288
4","3420
4"
큐이,큐이.webp,교주의 축복 - 큐이,교주의 힘을 빌려 남은 HP 비율이 가장 낮은 아군을 회복시킨다.,HP 회복 : 공격력의 {0}%,25,610,645,685,735,790,855,925,1000,1085,1175,,,,25,610,645,685,735,790,855,925,1000,1085,1175,,,
클로에,클로에.webp,쁘띠 세바스티안,"쁘띠 세바스티안을 7마리 소환한다. 쁘띠 세바스티안은 적들에게 부딪쳐 폭발하며 범위 마법 피해를 입히고, <color=#F55471>넉백</color>시킨다.\n<color=#F55471>넉백 : 행동불가 상태로 뒤로 밀린다.</color>",총 마법 피해 : {0}%,50,672,714,756,798,840,882,924,966,1008,1050,1092,1134,1176,35,441,469,497,525,553,581,609,637,665,693,721,749,777
키디언,키디언.webp,쉐도우 다이브,"그림자로 숨어든 뒤 남은 HP 비율이 가장 낮은 적에게 나타나 범위 물리 피해를 입힌다. 적을 처치했을 경우, 일정 시간 내에 피해량이 증가된 스킬을 추가로 사용한다.",물리 피해 : {0}%\n추가 사용 횟수 : {1}회\n처치 당 피해량 증가 : {2}%,25,"870
6
20","920
6
20","980
6
20","1050
6
20","1130
6
20","1220
6
20","1315
6
20","1425
6
20","1545
6
20","1675
6
20","1805
6
20","1935
6
20","2065
6
20",31,"348
6
20","368
6
20","392
6
20","420
6
20","452
6
20","488
6
20","526
6
20","570
6
20","618
6
20","670
6
20","722
6
20","774
6
20","826
6
20"
타이다,타이다.webp,교주의 천벌 - 타이다,교주의 힘을 빌려 적에게 물리 피해를 입힌다.,물리 피해 : {0}%,40,175,185,200,210,230,245,265,290,315,340,,,,40,116,122,132,139,152,162,175,191,208,224,,,
티그,티그.webp,오버드라이브,"검기를 날려 적들에게 범위 물리 피해를 입힌다. 일정 시간동안 공격 속도, 일반 공격의 피해가 증가한다. 해당 효과는 해제할 수 없다.",물리 피해 : {0}%\n공격 속도 증가 : {1}%\n일반 공격 피해 증가 : {2}%\n공격 속도 증가 지속시간 : {3}초,20,"320
150
100
10","335
150
100
10","350
150
100
10","365
150
100
10","380
150
100
10","395
150
100
10","410
150
100
10","425
150
100
10","440
150
100
10","455
150
100
10","470
150
100
10","485
150
100
10","500
150
100
10",20,"211
100
100
7","221
100
100
7","231
100
100
7","241
100
100
7","251
100
100
7","261
100
100
7","271
100
100
7","281
100
100
7","290
100
100
7","300
100
100
7","310
100
100
7","320
100
100
7","330
100
100
7"
티그(영웅),티그(영웅).webp,맹호류 결착,"순간 이동한 뒤 검을 크게 내려 베어 적들에게 범위 물리 피해를 입힌다.\n맹호류 결착을 2회 이상 적중한 적의 남은 HP가 10% 이하일 경우 대상을 즉시 처치한다.\n맹호류 결착을 2회 이상 적중한 적이 보스 또는 월드 보스 몬스터일 경우 자신의 최대 HP에 비례하는 피해가 추가된다.\n고학년 스킬 사용 중에는 적의 타겟 대상이 되지 않고, <color=#F55471>무적</color> 상태가 된다.\n<color=#F55471>무적 : 모든 피해 및 디버프에 면역이 된다.",물리 피해 : {0}%\n최대 HP 비례 피해 : 자신 최대 HP의 {1}%,35,"1800
100","1930
100","2060
100","2190
100","2320
100","2450
100","2580
100","2710
100","2840
100","2970
100","3100
100","3230
100","3360
100",35,"1188
100","1274
100","1360
100","1445
100","1531
100","1617
100","1703
100","1789
100","1874
100","1960
100","2046
100","2132
100","2218
100"
파트라,파트라.webp,교주의 천벌 - 파트라,교주의 힘을 빌려 적에게 물리 피해를 입힌다.,물리 피해 : {0}%,37,200,215,230,245,265,285,305,330,360,390,,,,37,132,142,152,162,175,188,201,218,238,257,,,
페스타,페스타.webp,스포트라이트!,3개의 조명이 자신을 비추며 각 조명에 따라 효과를 받는다.,빨간 조명 : {0}초 동안 받는 피해량 감소 {1}% \n초록 조명 : {0}초 동안 피해량 증가 {2}%\n파란 조명 : {0}초 동안 공격 속도 증가 {3}%,26,"10
40
90
20","10
42
96
22","10
44
102
24","10
46
108
26","10
48
114
28","10
50
120
30","10
52
126
32","10
54
132
34","10
56
138
36","10
58
144
38","10
60
150
40","10
62
156
42","10
64
162
44",26,"10
40
90
20","10
42
96
22","10
44
102
24","10
46
108
26","10
48
114
28","10
50
120
30","10
52
126
32","10
54
132
34","10
56
138
36","10
58
144
38","10
60
150
40","10
62
156
42","10
64
162
44"
포셔,포셔.webp,감자 고구마!,수상한 포션을 던져 무작위 적 2명에게 <color=#F55471>변이</color>를 건다.\n<color=#F55471>변이 : 사물로 변경되며 행동불가 상태가 된다.</color>,변이 지속시간 : {0}초,13,3,3.2,3.4,3.6,3.8,4,4.2,4.4,4.6,4.8,5,5.2,5.4,13,3,3.2,3.4,3.6,3.8,4,4.2,4.4,4.6,4.8,5,5.2,5.4
폴랑,폴랑.webp,로얄 스트레이트,"대포를 발사해 적들에게 범위 물리 피해를 입힌다. 일정 시간 동안 포격에 맞은 아군의 최대 HP를 증가시키고, HP를 회복시킨다.",물리 피해 : {0}%\n기본 최대 HP 증가 : 최대 HP의 {1}%\n최대 HP 증가 지속시간 : {2}초\nHP 회복 : 최대 HP의 {3}%,17,"570
15
6
10","597
16
6
11","624
17
6
11","651
18
6
12","678
19
6
12","705
20
6
13","732
21
6
13","759
22
6
14","786
23
6
14","813
24
6
15","840
25
6
15","867
26
6
16","894
27
6
16",17,"376
15
6
10","394
16
6
11","412
17
6
11","430
18
6
12","447
19
6
12","465
20
6
13","483
21
6
13","501
22
6
14","519
23
6
14","537
24
6
15","554
25
6
15","572
26
6
16","590
27
6
16"
프리클,프리클.webp,조여오는 경비병,"가시 덩굴로 감싸 5초 간 적에게 마법 피해를 입히고 <color=#F55471>발저림, 침묵</color>을 건다. 가시 덩굴은 소멸 시, 적에게 가시 촉수를 한 마리 소환한다.\n<color=#F55471>발저림 : 걸어서 이동할 수 없게 된다.</color>\n<color=#F55471>침묵 : 모든 스킬을 사용할 수 없게 된다.</color>",초당 마법 피해 : {0}%\n침묵 지속시간 : {1}초,32,"190
7","200
7","210
7","220
7","230
7","240
7","250
7","260
7","270
7","280
7","290
7","300
7","310
7",32,"125
7","132
7","139
7","145
7","152
7","158
7","165
7","172
7","178
7","185
7","191
7","198
7","205
7"
피라,피라.webp,피버☆타임이다!,금구슬을 쏟아 적들에게 범위 물리 피해를 9회 입히고 모든 아군의 치명타를 증가시킨다. <color=#F55471>부유함</color>을 30중첩 보유한 상태에서 스킬 발동 시 물리 피해와 치명타 증가가 강화된다. \n스킬이 종료되면 <color=#F55471>부유함</color>을 무작위로 잃는다.\n<color=#F55471>부유함 : 30중첩 보유 시 고학년 스킬 효과가 강화된다.</color>,총 물리 피해 : {0}%\n치명타 증가 : {1}%\n부유함 30중첩 총 물리 피해 : {2}%\n부유함 30중첩 치명타 증가 : {3}%\n치명타 증가 지속시간 : {4}초,30,"675
15
1350
30
10","702
15
1404
30
10","729
15
1458
30
10","756
15
1512
30
10","783
15
1566
30
10","810
15
1620
30
10","837
15
1674
30
10","864
15
1728
30
10","891
15
1782
30
10","918
15
1836
30
10","945
15
1890
30
10","972
15
1944
30
10","999
15
1998
30
10",30,"450
15
891
30
10","459
15
927
30
10","477
15
963
30
10","495
15
999
30
10","513
15
1035
30
10","531
15
1071
30
10","549
15
1107
30
10","567
15
1143
30
10","585
15
1179
30
10","603
15
1215
30
10","621
15
1251
30
10","639
15
1287
30
10","657
15
1323
30
10"
피코라,피코라.webp,너도 될 수 있다 패션피플,"최대 HP가 가장 높은 아군을 치장한다. 치장된 아군의 최대 HP를 증가시키고, 일정 시간 동안 적을 <color=#F55471>도발</color>한다. HP증가 효과는 치장된 아군이 장착한 아티팩트 개수만큼 증가하고, 치장이 끝나면 증가했던 최대 HP만큼 HP를 복구시킨다.\n해당 효과는 해제할 수 없다.\n<color=#F55471>도발 : 도발한 대상을 기본 공격으로 공격한다.</color>",도발 시전 주기 : {0}초\n도발 지속시간 : {1}초\n기본 최대 HP 증가 : {2}%\n아티팩트당 최대 HP 증가 : {3}%\n최대 HP 증가 지속시간 : {4}초,32,"3
2
50
10
8","3
2
58
11
8","3
2
66
12
8","3
2
74
13
8","3
2
82
14
8","3
2
90
15
8","3
2
98
16
8","3
2
106
17
8","3
2
114
18
8","3
2
122
19
8","3
2
130
20
8","3
2
138
21
8","3
2
146
22
8",32,"3
2
17
3
8","3
2
19
4
8","3
2
22
4
8","3
2
24
4
8","3
2
27
5
8","3
2
30
5
8","3
2
32
5
8","3
2
35
6
8","3
2
38
6
8","3
2
40
6
8","3
2
43
7
8","3
2
46
7
8","3
2
48
7
8"
하이디,하이디.webp,현장 중계 중!,"일정 시간 동안 <color=#F55471>초 집중 취재</color> 상태가 되어 지정된 사거리 내에서 남은 HP 비율이 가장 낮은 적을 특종감으로 지정하고 받는 피해량을 증가시킨다.\n특종감이 처치되면 다른 적을 특종감으로 지정한다.\n스킬 시전으로 적에게 진입하는 동안 타겟 대상이 되지 않고, <color=#F55471>무적</color> 상태가 된다.\n<color=#F55471>초 집중 취재</color> 상태는 해제할 수 없다.
<color=#F55471>초 집중 취재 : 기본 공격 타겟 대상이 특종감으로 변경되며, 기본 공격 사거리가 증가하고, 도발과 호기심에 면역이 된다.</color>\n<color=#F55471>무적 : 모든 피해 및 디버프에 면역이 된다.</color>",초 집중 취재 지속시간 : {0}초\n받는 피해량 증가 : {1}%,30,"15
12","15
14","15
16","15
18","15
20","15
22","15
24","15
26","15
28","15
30","15
32","15
34","15
36",30,"15
12","15
14","15
16","15
18","15
20","15
22","15
24","15
26","15
28","15
30","15
32","15
34","15
36"
헤일리,헤일리.webp,플랜 B,적에게 연막 지대를 남기는 폭탄을 발사해 범위 물리 지속 피해를 주고 <color=#F55471>눈가림</color>을 건다.\n<color=#F55471>눈가림 : 일반 공격이 빗나간다.</color>,초당 물리 피해 : {0}%\n물리 피해 지속시간 : {1}초\n눈가림 지속시간 : {2}초,36,"84
7
10","91
7
10","98
7
10","106
7
10","113
7
10","120
7
10","127
7
10","134
7
10","142
7
10","149
7
10","156
7
10","163
7
10","170
7
10",20,"55
7
10","60
7
10","65
7
10","70
7
10","74
7
10","79
7
10","84
7
10","89
7
10","93
7
10","98
7
10","103
7
10","108
7
10","112
7
10"
힐데,힐데.webp,과잉 진료,무차별 처방을 실시해 적들에게 범위 마법 피해를 입히고 주는 물리 피해량을 감소시킨다. 범위 안의 아군은 공격 속도가 증가한다.,마법 피해 : {0}%\n주는 물리 피해량 감소 : {1}%\n주는 물리 피해량 감소 지속시간 : {2}초\n공격 속도 증가 : {3}%\n공격 속도 증가 지속시간 : {4}초,60,"180
15
10
53
10","188
17
10
58
10","200
19
10
63
10","216
21
10
68
10","232
23
10
74
10","252
25
10
79
10","272
27
10
84
10","292
29
10
89
10","320
31
10
95
10","344
33
10
100
10","368
35
10
105
10","392
37
10
110
10","416
39
10
115
10",40,"119
15
10
53
10","124
17
10
58
10","132
19
10
63
10","143
21
10
68
10","153
23
10
74
10","166
25
10
79
10","180
27
10
84
10","193
29
10
89
10","211
31
10
95
10","227
33
10
100
10","243
35
10
105
10","259
37
10
110
10","275
39
10
115
10"
델리아,델리아.webp,도와줘 친구들아!,"여정의 파동을 발사해 적들에게 범위 물리 피해를 입히고, 기절을 건다. 자신의 일반 공격 피해량이 증가한다.\n기절 : 행동불가 상태가 된다.",물리 피해 : {0}%\n기절 지속시간 : {1}초\n일반 공격 피해량 증가 : {2}%\n일반 공격 피해량 증가 지속시간 : {3}초,30,"875
7
50
10","1000
7
50
10","1125
7
50
11","1250
7
50
11","1375
7
50
12","1500
7
50
12","1625
7
50
13","1750
7
50
13","1875
7
50
14","2000
7
50
10","2125
7
50
10","2250
7
50
10","2375
7
50
10",20,"578
7
50
10","660
7
50
10","743
7
50
10","825
7
50
10","908
7
50
10","990
7
50
10","1073
7
50
11","1155
7
50
12","1238
7
50
13","1320
7
50
10","1403
7
50
11","1485
7
50
12","1568
7
50
13"
네르(빡침),네르(빡침).webp,교단의 심판,"도끼창을 크게 휘둘러 적들에게 범위 물리 피해를 입히고, 자신은 빡침 상태가 된다. 빡침 상태는 해제할 수 없다.<br>빡침 : 기본 공격이 변경된다.","범위 물리 피해 : {0}%
빡침 지속시간 : {1}초",40,"600
20","650
20","700
20","750
20","800
20","850
20","900
20","950
20","1000
20","1050
20","1100
20","1150
20","1200
20",40,"396
20","429
20","462
20","495
20","528
20","561
20","594
20","627
20","660
20","693
20","726
20","759
20","792
20"
에르핀(왕도),에르핀(왕도).webp,에르피엔 펀치,"스킬 피해량이 증가하고, 에르피엔 펀치로 적들에게 일정 횟수 범위 마법 피해를 입힌다.<br>마지막 타격에 더 높은 피해를 입힌다.<br>공격하는 동안 적의 타겟 대상이 되지 않고, 무적 상태가 된다.<br>무적 : 모든 피해 및 디버프에 면역이 된다.",스킬 피해량 증가 : {0}%\n스킬 피해량 증가 지속 시간 : {1}초\n마법 피해 : {2}%\n마지막 타격 마법 피해 : {3}%,60,"37.5
25
1750
645","40
25
1925
690","42.5
25
2100
735","45
25
2275
780","47.5
25
2450
825","50
25
2625
870","52.5
25
2800
915","55
25
2975
960","57.5
25
3150
1005","60
25
3325
1050","62.5
25
3500
1095","65
25
3675
1140","67.5
25
3850
1185",25,"37.5
25
1155
426","40
25
1274
455","42.5
25
1386
485","45
25
1505
515","47.5
25
1617
545","50
25
1736
574","52.5
25
1848
604","55
25
1967
634","57.5
25
2079
663","60
25
2198
693","62.5
25
2310
723","65
25
2429
752","67.5
25
2541
782"
헤일리(멀쩡),헤일리(멀쩡).webp,전함 호출,"전함을 호출해 적들에게 5회 범위 물리 피해를 입힌다.<br>전함에서 보급품이 떨어져 최대 HP가 가장 높은 아군 4명의 공격 속도와 물리 피해량을 증가시킨다.<br>자신의 고학년 스킬은 재사용 대기시간을 증가, 감소시키는 효과를 받지 않는다.","총 물리 피해 : {0}%\n공격 속도 증가 : {1}%\n물리 피해량 증가 : {2}%\n공격 속도, 물리 피해량 증가 지속시간 : {3}초",30,"1440
75
150
30","1530
75
150
30","1620
75
150
30","1710
75
150
30","1800
75
150
30","1890
75
150
30","1980
75
150
30","2070
75
150
30","2160
75
150
30","2250
75
150
30","2340
75
150
30","2430
75
150
30","2520
75
150
30",30,"950
75
150
30","1010
75
150
30","1070
75
150
30","1130
75
150
30","1190
75
150
30","1245
75
150
30","1305
75
150
30","1365
75
150
30","1425
75
150
30","1485
75
150
30","1545
75
150
30","1605
75
150
30","1665
75
150
30"
아라그니아,아라그니아.webp,파도 치는 피날레,"물기둥이 솟구쳐 적 3명에게 마법 피해를 입히고, 주는 피해량을 감소시킨다. 솟아오른 물이 비가 되어 주변 아군의 최대 HP를 증가시킨다.<br>적이 보호막을 보유 중일 경우, 보호막을 하나 파괴한다.<br>보호막을 보유한 적을 우선 공격한다.",마법 피해 : {0}%\n주는 피해량 감소 : {1}%\n주는 피해량 감소 지속시간 : {2}초\n기본 최대 HP 증가 : {3}%\n최대 HP 증가 지속시간 : {4}초\n,26,"708
40
12
40
12","804
40
12
41
12","900
40
12
42
12","996
40
12
43
12","1086
40
12
44
12","1182
40
12
45
12","1278
40
12
46
12","1374
40
12
47
12","1470
40
12
48
12","1566
40
12
49
12","1662
40
12
50
12","1752
40
12
51
12","1848
40
12
52
12",20,"467
40
12
40
12","531
40
12
41
12","594
40
12
42
12","657
40
12
43
12","717
40
12
44
12","780
40
12
45
12","843
40
12
46
12","907
40
12
47
12","970
40
12
48
12","1034
40
12
49
12","1097
40
12
50
12","1156
40
12
51
12","1220
40
12
52
12"
