chara_name,low_skill_icon,low_skill_name,low_skill_desc,low_skill_stat_template,Lv.1,Lv.2,Lv.3,Lv.4,Lv.5,Lv.6,Lv.7,Lv.8,Lv.9,Lv.10,Lv.11,Lv.12,Lv.13
가비아,저학년_가비아.webp,돌려…줄…게…,남은 HP 비율이 가장 낮은 아군 3명에게 보호막을 부여한다. 보호막은 받은 피해를 흡수한 뒤 범위 마법 피해를 <color=#F55471>반사 피해</color>로 준다.\n<color=#F55471>반사 피해 : 실제로 받은 직접 피해의 일정 비율만큼 돌려준다.</color>,보호막 : 최대 HP의 {0}%\n보호막 피해 : {1}%\n보호막 지속시간 : {2}초,"47
11
6","49
12
6","52
13
6","55
14
6","59
15
6","64
16
6","69
17
6","74
18
6","80
19
6","87
20
6",,,
그윈,저학년_그윈.webp,스노우포그,"자신 주변에 깃발을 꽂아 일정 시간 동안 서늘한 안개 영역을 생성한다. 영역 위 적들에게 매초 마법 피해를 입히고, 해당 적들은 아군에게 주는 피해량이 감소한다. 적이 <color=#F55471>동상</color> 상태일 경우, 지속적으로 <color=#F55471>기절</color>을 건다.\n<color=#F55471>동상 : 매초 피해를 입으며 냉정 성격 아군에게 받는 피해량이 증가한다.</color>\n<color=#F55471>기절 : 행동불가 상태가 된다.</color>",서늘한 안개 영역 지속시간 : {0}초\n초당 마법 피해 : {1}%\n주는 피해량 감소 : {2}%\n주는 피해량 감소 지속시간 : {3}초\n기절 지속시간 : {4}초,"10
86
6
4
1.5","10
97
7
4
1.5","10
108
8
4
1.5","10
119
9
4
1.5","10
130
10
4
1.5","10
140
11
4
1.5","10
151
12
4
1.5","10
162
13
4
1.5","10
173
14
4
1.5","10
184
15
4
1.5","10
194
16
4
1.5","10
205
17
4
1.5","10
216
18
4
1.5"
나이아,저학년_나이아.webp,그게 씻은거야?,"물줄기로 씻어내 남은 HP 비율이 가장 낮은 아군의 HP를 20회 회복시키고, <color=#F55471>기절</color>을 해제한다. 스킬 시전 도중 회복 아군을 한 번 변경할 수 있다.",총 HP 회복 : 공격력의 {0}%,4480,5040,5600,6160,6720,7280,7840,8400,8960,9520,10080,10640,11200
네르,저학년_네르.webp,세계수의 계시,세계수의 힘을 사용해 모든 아군의 피해량이 증가한다.,피해량 증가 : {0}%\n피해량 증가 지속시간 : {1}초,"26
7","28
7","30
7","32
7","34
7","37
7","40
7","43
7","47
7","51
7","55
7","59
7","64
7"
네티,저학년_네티.webp,낙석 조심,자신과 모든 아군에게 보호막을 부여한다. 보호막이 유지되는 동안 방어력이 증가한다.,보호막 : 최대 HP의 {0}%\n방어력 증가 : {1}%\n보호막 지속시간 : {2}초,"45
22
10","50
24
10","55
26
10","60
28
10","65
30
10","70
32
10","75
34
10","80
36
10","85
38
10","90
40
10","95
42
10","100
44
10","105
46
10"
다야,저학년_다야.webp,다이아 피어스,적에게 뾰족한 다이아를 돌출시켜 마법 피해를 입히고 <color=#F55471>쓰라림</color>을 건다. 학년에 따라 스킬 효과가 강화된다.\n<color=#F55471>쓰라림 : 매초 피해를 입으며 회복량이 감소한다.</color>,"마법 피해 : {0}%\n쓰라림 지속시간 : {1}초\n1학년 : 적 2명\n2학년 : 적 3명\n4학년 : 적 4명, 적 처치 시 최대 추가 공격 1회\n6학년 : 적 6명, 적 처치 시 최대 추가 공격 2회","236
8","247
8","265
8","282
8","305
8","328
8","357
8","385
8","420
8","454
8","488
8","522
8","556
8"
다야(퓨어샤인),저학년_다야(퓨어샤인).webp,매지컬☆샤인,"매지컬☆스태프의 힘으로 중열 아군 사도에게 보호막을 부여한다.\n그리고 매지컬☆포즈를 취하며 주변 아군의 공격 속도를 증가시키고, 일정 시간 동안 자신 주변에 매지컬☆샤인 영역을 생성한다. 매초 영역 위 아군의 HP를 회복시킨다.",보호막 : 최대 HP의 {0}%\n보호막 지속시간 : {1}초\n공격 속도 증가 : {2}%\n공격 속도 증가 지속시간 : {3}초\n매지컬☆샤인 영역 지속시간 : {4}초\n초당 HP 회복 : 최대 HP의 {5}%,"32
6
43
6
6
7.5","34
6
46
6
6
7.5","36
6
49
6
6
7.5","38
6
52
6
6
7.5","40
6
55
6
6
7.5","42
6
58
6
6
7.5","44
6
61
6
6
7.5","46
6
64
6
6
7.5","48
6
67
6
6
7.5","50
6
70
6
6
7.5","52
6
73
6
6
7.5","54
6
76
6
6
7.5","56
6
79
6
6
7.5"
디아나,저학년_디아나.webp,자연 치유,지팡이를 휘둘러 모든 아군의 HP를 회복시킨다. 추가로 지팡이를 땅에 내리꽂으며 모든 아군의 HP를 회복시킨다.,첫 번째 HP 회복 : 최대 HP의 {0}%\n두 번째 HP 회복 : 공격력의 {1}%,"10
1082","10
1145","10
1218","10
1302","10
1402","10
1512","10
1638","10
1769","10
1922","10
2079","10
2252","10
2436","10
2630"
디아나(왕년),저학년_디아나(왕년).webp,찢는다,"도끼로 땅을 내려쳐 적들에게 범위 물리 피해를 입히고, 일정 시간 동안 땅에 균열을 남긴다.\n균열 위 적들에게 매초 받는 물리 피해량을 증가시키고, 적이 균열 위에 있는 동안 기본 SP 회복량을 감소시킨다.\n받는 물리 피해 증가 효과는 최대 5회까지 중첩될 수 있다.\n<color=#F55471>백수공권</color> 상태를 종료한다.",물리 피해 : {0}%\n균열 지속시간 : {1}초\n1중첩 시 받는 물리 피해량 증가 : {2}%\n받는 물리 피해량 증가 지속시간 : {3}초\n기본 SP 회복량 감소 : {4}%,"780
8
5
10
50","820
8
5
10
50","860
8
5
10
50","900
8
5
10
50","940
8
5
10
50","980
8
5
10
50","1020
8
5
10
50","1060
8
5
10
50","1100
8
5
10
50","1140
8
5
10
50","1180
8
5
10
50","1220
8
5
10
50","1260
8
5
10
50"
라이카,저학년_라이카.webp,급속충전!,"전력을 공급받아 자신에게 <color=#F55471>감전</color>을 건다. 일정 시간 동안 자신은 <color=#F55471>번개 자극</color> 효과를 받고, 전열 아군의 받는 마법 피해량을 감소시킨다.\n<color=#F55471>번개 자극 : <color=#F55471>눈가림, 중독, 쓰라림, 기절, 넉백, 변이</color>에 면역이 된다.</color>",감전 지속시간 : {0}초\n번개 자극 지속시간 : {1}초\n받는 마법 피해량 감소 : {2}%\n받는 마법 피해량 감소 지속시간 : {3}초,"12
12
30
12","12
12
32
12","12
12
34
12","12
12
36
12","12
12
38
12","12
12
40
12","12
12
42
12","12
12
44
12","12
12
46
12","12
12
48
12","12
12
50
12","12
12
52
12","12
12
54
12"
란,저학년_란.webp,아랑의 여유,"요도의 힘으로 칼바람을 일으켜 적들에게 범위 마법 피해를 입히고, 일정 시간 동안 <color=#F55471>늑대 표식</color>을 부여한다. <color=#F55471>늑대 표식</color>이 해제되거나 지속시간이 다할 때, 공격 대상의 남은 HP가 50% 미만이면 대상에게 마법 피해를 입히고, <color=#F55471>늑대 표식</color>을 다시 부여한다.\n<color=#F55471>늑대 표식 : 매초 마법 피해를 입히고 피해량을 감소시킨다.</color>",마법 피해 : {0}%\n늑대 표식 지속 시간 : {1}초\n늑대 표식 마법 피해 : {2}%\n늑대 표식 마법 지속 피해 : {3}%\n늑대 표식 피해량 감소 : {4}%,"460
7
380
128
20","472
7
388
128
20","484
7
396
128
20","496
7
404
128
20","508
7
412
128
20","520
7
420
128
20","532
7
428
128
20","544
7
436
128
20","556
7
444
128
20","568
7
452
128
20","580
7
460
128
20","592
7
468
128
20","604
7
476
128
20"
레비,저학년_레비.webp,님블 컷,단도를 빠르게 휘둘러 적에게 3회 물리 피해를 입힌다. 마지막 타격에 더 큰 피해를 준다.,물리 피해 : {0}%\n마지막 타격 물리 피해 : {1}%,"408
272","432
288","456
304","492
328","528
352","570
380","612
408","666
444","720
480","780
520",,,
레이지,저학년_레이지.webp,XG - 레이저,강력한 레이저를 발사해 적들에게 범위 물리 피해를 입힌다.,물리 피해 : {0}%,115,125,130,140,150,165,175,190,210,225,,,
레테,저학년_레테.webp,뉴럴 링크 스따트,자신의 입에 레이저를 주입해 피해를 입었던 기억을 잊어버린다. 일정 시간 동안 매초 자신의 HP를 회복한다.,HP 회복 : 최대 HP의 {0}%\n회복 지속시간 : {1}초,"4.75
6","5
6","5.25
6","5.5
6","5.75
6","6
6","6.25
6","6.5
6","6.75
6","7
6",,,
로네,저학년_로네.webp,어리바리 블랙옵스,자신과 남은 HP 비율이 가장 낮은 아군의 받는 피해량을 감소시킨다.,받는 피해량 감소 : {0}%\n받는 피해량 감소 지속시간 : {1}초\n아군 받는 피해량 감소 : {2}%\n아군 받는 피해량 감소 지속시간 : {3}초,"35
7
37
6","35
7
39
6","40
7
41
6","40
7
44
6","45
7
47
6","50
7
49
6","50
7
51
6","55
7
54
6","60
7
57
6","65
7
59
6",,,
로네(시장),저학년_로네(시장).webp,"돈까스 시장, 로네!","돈까스를 배달시킨다. 배달 드론이 도착하면, 중열과 후열 아군의 물리 공격력을 증가시키고 적들에게 4회 범위 물리 피해를 입힌다. 1명에게 적중 시, 더 높은 피해를 입힌다.",총 물리 피해 : {0}%\n물리 공격력 증가 : {1}%\n물리 공격력 증가 지속시간 : {2}초\n1명 적중 시 총 물리 피해 : {3}%,"300
21
5
900","320
22
5
960","340
23
5
1020","360
24
5
1080","380
25
5
1140","400
26
5
1200","420
27
5
1260","440
28
5
1320","460
29
5
1380","480
30
5
1440","500
31
5
1500","520
32
5
1560","540
33
5
1620"
롤렛,저학년_롤렛.webp,갈채를 먹는 엔터테이너,"비둘기를 날려 지정된 사거리 내에서 가장 멀리 있는 적에게 범위 마법 피해를 입힌다. 비둘기 부활 마술을 선보이면, 자신을 제외한 무작위 아군 1명의 고학년 스킬 대기 시간이 감소한다.",마법 피해 : {0}%\n아군 재사용 대기시간 감소 : {1}초,"280
2","304
2.5","328
3","352
3.5","376
4","400
4.5","424
5","448
5.5","472
6","496
6.5","520
7","544
7.5","568
8"
루드,저학년_루드.webp,한 세트 더!,"소리를 질러 적들에게 범위 물리 피해를 입히고 <color=#F55471>소음</color> 을 건다.\n즉시 HP를 회복하고, 추가로 자신의 HP가 30% 미만일 경우, HP를 매초 회복한다.\n<color=#F55471>소음 : 주는 피해량이 감소한다.</color>",물리 피해 : {0}%\n소음 지속시간: {1}초\n즉시 HP 회복 : 최대 HP의 {2}%\n지속 HP 회복 : 최대 HP의 {3}%\nHP 회복 지속시간 : {4}초,"340
8
20
20
3","360
8
20
20
3","380
8
20
20
3","410
8
20
20
3","440
8
20
20
3","475
8
20
20
3","510
8
20
20
3","555
8
20
20
3","600
8
20
20
3","650
8
20
20
3","700
8
20
20
3","750
8
20
20
3","800
8
20
20
3"
루포,저학년_루포.webp,루포류 신속베기,순간 이동한 뒤 지정된 사거리 내에서 가장 뒤에 있는 적에게 3회 물리 피해를 입히고 <color=#F55471>쓰라림</color>을 건다. 장착한 아티팩트 하나당 공격 횟수가 늘어난다.\n<color=#F55471>쓰라림 : 매초 피해를 입으며 회복량이 감소한다.</color>,1회당 물리 피해 : {0}%\n쓰라림 지속시간 : {1}초,"102
3","108
3","115
3","123
3","132
3","142
3","154
3","167
3","181
3","196
3","212
3","229
3","248
3"
리뉴아,저학년_리뉴아.webp,시공의 메아리,"적들을 집중 포격해 범위 물리 피해를 5회 입힌다.\n1,3번째 포격은 적이 이로운 버프를 보유 중일 경우, 버프를 하나 해제하고 자신의 공격 속도가 증가한다.\n2,4번째 포격은 적이 보호막을 보유 중일 경우, 보호막을 하나 파괴하고 자신의 HP를 회복한다.\n마지막 포격은 위의 효과가 모두 발동한다.",총 물리 피해 : {0}%\n버프 해제 시 공격 속도 증가 : {1}%\n공격 속도 증가 지속시간 : {2}초\n보호막 파괴 시 HP 회복 : 최대 HP의 {3}%,"400
80
10
25","450
80
10
25","500
80
10
25","550
80
10
25","600
80
10
25","650
80
10
25","700
80
10
25","750
80
10
25","800
80
10
25","850
80
10
25","900
80
10
25","950
80
10
25","1000
80
10
25"
리스티,저학년_리스티.webp,테크노맨시,HP가 가장 높은 적에게 범위 물리 피해를 입힌다.\n적이 처치되지 않았다면 최대 3번까지 다시 적을 찾아 범위 물리 피해를 입힌다. \n마지막 타격은 더 높은 피해를 입힌다.,물리 피해 : {0}%\n마지막 타격 물리 피해 : {1}%,"90
135","96
144","102
153","108
162","114
171","120
180","126
189","132
198","138
207","144
216","150
225","156
234","162
243"
리온,저학년_리온.webp,유죄 선언,"전방의 적들을 꾸짖어 <color=#F55471>심판</color>을 부여하고, 자신의 HP를 회복한다.\n<color=#F55471>심판</color>은 최대 3개까지 중첩된다.\n<color=#F55471>심판 : 대상이 리온에게 주는 피해량이 감소한다.</color>",심판 지속시간 : {0}초\nHP 회복 : 감소된 HP의 {1}%,"15
40","15
42","15
44","15
46","15
48","15
50","15
52","15
54","15
56","15
58","15
60","15
62","15
64"
리츠,저학년_리츠.webp,담금질,"잠시 동안 집중하며 받는 피해량이 감소한다. 집중하는 동안 전열 아군이 <color=#F55471>직접 피해</color>로 피격될 때마다, 자신의 물리 피해량과 받는 피해량 감소가 증가한다. 집중이 끝나면 적들에게 범위 물리 피해를 입힌다.\n<color=#F55471>직접 피해 : 상태이상 피해, 반사 피해, 저주 피해, 분산 피해를 제외한 직접 공격에 의한 피해를 의미한다.</color>",물리 피해 : {0}%\n받는 피해량 감소 : {1}%\n최대 물리 피해량 증가 : {2}%\n최대 받는 피해량 감소 : {3}%,"100
60
90
85","115
60
100
85","130
60
110
85","145
60
120
85","160
60
130
85","175
60
140
85","190
60
150
85","205
60
160
85","220
60
170
85","235
60
180
85","250
60
190
85","265
60
200
85","280
60
210
85"
리코타,저학년_리코타.webp,리코타 풀코스,"풀코스 요리를 선보여 남은 HP 비율이 가장 낮은 아군 2명의 HP를 매초 회복시키고, 일정 시간 동안 가장 공격력이 높은 아군 2명의 스킬 피해량을 증가시킨다.\n저학년 스킬 사용 중에는 자신의 받는 피해량이 감소한다.",지속 HP 회복 : 공격력의 {0}%\n회복 지속시간 : {1}초\n스킬 피해량 증가 : {2}%\n스킬 피해량 증가 지속시간 : {3}초\n받는 피해량 감소 : {4}%,"324
3
12
6
33","330
3
14
6
33","336
3
16
6
33","342
3
18
6
33","348
3
20
6
33","354
3
22
6
33","360
3
24
6
33","366
3
26
6
33","372
3
28
6
33","378
3
30
6
33","384
3
32
6
33","390
3
34
6
33","396
3
36
6
33"
림,저학년_림.webp,스크래치 사이드,"어둠이 내리고 HP를 회복한다. 참격을 날려 적들에게 범위 물리 피해를 입히며 <color=#F55471>쓰라림</color>을 걸고, <color=#F55471>넉백</color>시킨다.\n<color=#F55471>쓰라림 : 매초 피해를 입으며 회복량이 감소한다.</color>\n<color=#F55471>넉백 : 행동불가 상태로 뒤로 밀린다.</color>",HP 회복 : 최대 HP의 {0}%\n물리 피해 : {1}%\n쓰라림 지속시간 : {2}초,"16
336
10","16.5
350
10","17
374
10","17.5
402
10","18
434
10","18.5
462
10","19
504
10","19.5
546
10","20
588
10","20.5
640
10","21
687
10","21.5
733
10","22
780
10"
림(혼돈),저학년_림(혼돈).webp,혼돈에 이끌림,"적들에게 순간적으로 이동해 범위 물리 피해를 입히고, 다시 돌아오며 피해를 입힌다. 마지막 타격으로 피해를 입힌 대상 수만큼 일정 시간 동안 자신의 공격 속도와 피해량이 증가한다.\n해당 효과는 스킬 시전당 최대 6명까지 적용되며 중첩될 수 있다.\n대상이 월드 보스 몬스터일 경우, 피해를 입힌 대상 수는 3명으로 적용된다.",총 물리 피해 : {0}%\n적 1명당 공격 속도 증가 : {1}%\n공격 속도 지속시간 : {2}초\n적 1명당 피해량 증가 : {3}%\n피해량 증가 지속시간 : {2}초,"600
30
12
10","650
30
12
10","700
30
12
10","750
30
12
10","800
30
12
10","850
30
12
10","900
30
12
10","950
30
12
10","1000
30
12
10","1050
30
12
10","1100
30
12
10","1150
30
12
10","1200
30
12
10"
마고,저학년_마고.webp,마고 마구 회복해,매초 모든 아군의 HP를 회복시킨다.,HP 회복 : 공격력의 {0}%\n회복 지속시간 : {1}초,"146
8","154
8","164
8","176
8","189
8","204
8","221
8","239
8","259
8","280
8",,,
마리,저학년_마리.webp,폭탄 배달 왔어용~,특제 폭탄을 던져 적들에게 범위 물리 피해를 입히고 <color=#F55471>화상</color>을 건다.\n<color=#F55471>화상 : 매초 피해를 입는다.</color>,물리 피해 : {0}%\n화상 지속시간 : {1}초,"340
4","360
4","380
4","410
4","440
4","475
4","510
4","555
4","600
4","650
4",,,
마에스트로 2호,저학년_마에스트로 2호.webp,로보틱 매트릭스,"자신에게 보호막을 생성하고, 모든 아군에게 보호막을 부여한다.",보호막 : 최대 HP의 {0}%\n보호막 지속시간 : {1}초,"36
6","38
6","41
6","43
6","47
6","50
6","54
6","59
6","63
6","69
6","74
6","80
6","87
6"
마요,저학년_마요.webp,수집의 법칙임.,독침을 발사해 가장 공격력이 높은 적에게 3회 물리 피해를 입히고 <color=#F55471>중독</color>을 건다.\n<color=#F55471>중독 : 매초 피해를 입으며 공격력이 감소한다.</color>,총 물리 피해 : {0}%\n중독 지속시간 : {1}초,"370
4","395
4","420
4","450
4","480
4","520
4","565
4","610
4","660
4","715
4",,,
마요(멋짐),저학년_마요(멋짐).webp,최강의 수집품임.,"5번 튕기는 방패를 던져 적에게 물리 피해를 입힌다. 방패는 튕길 때마다 다른 적을 공격하며, 주변에 다른 적이 없다면 같은 적을 공격한다. 방패를 회수하면 일정 시간 동안 이동속도가 증가한다.\n자신을 제외한 아군이 저학년 스킬을 사용할 때마다 <color=#F55471>자랑하고 싶음</color>을 1중첩 획득한다. <color=#F55471>자랑하고 싶음</color> 10중첩 보유 시, SP 소모 없이 10번 튕기는 방패를 던지고 <color=#F55471>자랑하고 싶음</color>을 모두 잃는다.\n<color=#F55471>자랑하고 싶음</color>은 해제할 수 없다.",타수당 물리 피해 : {0}%\n이동속도 증가 : {1}%\n이동속도 증가 지속시간 : {2}초,"250
60
8","265
60
8","280
60
8","295
60
8","310
60
8","325
60
8","340
60
8","355
60
8","370
60
8","385
60
8","400
60
8","415
60
8","430
60
8"
마카샤,저학년_마카샤.webp,언젠가 일어날 일,"무작위 적에게 마법 피해를 입히고 운명의 시계를 생성한다.\n운명의 시계는 24초 후 대상에게 아군 공격력 총합에 비례한 피해를 입힌다.\n운명의 시계가 발동하기 전에 대상이 처치될 경우, 모든 적에게 아군 공격력 총합에 비례한 피해를 입힌다.\n운명의 시계를 보유하지 않은 적을 우선 공격한다.\n운명의 시계 피해는 발동 시 필드에 있는 아군 사도의 공격력만 반영한다.",마법 피해 : {0}%\n운명의 시계 피해 : 아군 공격력 총합의 {1}%\n운명의 시계 보유 대상 처치 시 피해 : 아군 공격력 총합의 {2}%,"320
450
60","340
480
65","360
510
70","380
540
75","400
570
80","420
600
85","440
630
90","460
660
95","480
690
100","500
720
105","520
750
110","540
780
115","560
810
120"
메죵,저학년_메죵.webp,수리검 날아갑니다!,수리검 3개를 던져 적에게 물리 피해를 입힌다.,총 물리 피해 : {0}%,138,150,156,168,180,198,210,228,252,270,,,
멜루나,저학년_멜루나.webp,올 때 멜루나~,멜론비를 5회 내리게 해 적에게 마법 피해를 입히고 모든 아군의 HP를 회복시킨다.,총 마법 피해 : {0}~{1}%\nHP 회복 : 입힌 피해량의 {2}%,"110
370
300","115
395
300","120
420
300","130
450
300","145
485
300","155
525
300","165
565
300","180
610
300","195
665
300","210
720
300","225
775
300","240
830
300","255
885
300"
모모,저학년_모모.webp,두배로 안아준닷,무작위 적에게 마법 피해를 입히는 분신을 소환한다.\n분신은 3회 피해를 받거나 시간이 지나면 파괴된다.\n파괴 시 주위에 마법 피해를 주고 <color=#F55471>감전</color>을 건다.\n분신은 HP 회복 효과를 받지 않는다.\n<color=#F55471>감전 : 공격 및 이동속도가 감소한다.</color>,소환수 마법 피해 : {0}%\n소환수 자폭 피해 : {1}%\n소환 지속시간 : {2}초\n소환수 피격 내구도 :{3}회\n소환수 : {4}개\n감전 지속시간 : {5}초,"50
80
12
3
3
2","54
86
12
3
3
2","58
93
12
3
3
2","62
99
12
3
3
2","66
106
12
3
3
2","70
112
12
3
4
2","74
118
12
3
4
2","78
125
12
3
4
2","82
131
12
3
4
2","86
138
12
3
4
2","90
144
12
3
5
2","94
150
12
3
5
2","98
157
12
3
5
2"
뮤트,저학년_뮤트.webp,웹트래핑,"최대 HP가 가장 높은 적에게 <color=#F55471>홀로그램 포위</color>를 건다.\n적이 1명 남은 경우 <color=#F55471>홀로그램 포위</color> 피해가 2배 증가한다.\n<color=#F55471>홀로그램 포위</color>는 최대 9개까지 중첩될 수 있으며 자신이 전투불능 시 해제된다.\n<color=#F55471>홀로그램 포위 : 매초 마법 피해를 입으며, 일정 시간마다 대상이 기본 공격을 실행하면 추가로 마법 피해를 입는다.</color>",1중첩시 지속 마법 피해 : {0}%\n1중첩시 기본 공격당 추가 마법 피해 : {1}%\n홀로그램 포위 지속시간 : {2}초,"50
2
120","56
2
120","62
2
120","68
2
120","74
2
120","80
2
120","86
2
120","92
2
120","98
2
120","104
2
120","110
2
120","116
2
120","122
2
120"
미로,저학년_미로.webp,이야기를 듣고 싶어,"지정된 사거리 내에서 가장 뒤에 있는 적에게 거울을 소환한다. 거울은 시간이 지나면 파괴되며, 파괴 시 적들에게 범위 물리 피해를 입힌다. 거울은 동시에 최대 1개까지 소환할 수 있고, <color=#F55471>넉백</color>에 면역이며 HP 회복 효과를 받지 않는다.\n<color=#F55471>넉백 : 행동불가 상태로 뒤로 밀린다.</color>",거울 스테이터스 : 자신의 기본 스테이터스 {0}%\n소환 지속시간 : {1}초\n소환수 자폭 피해 : {2}%,"60
14
1100","61
14
1200","62
14
1300","63
14
1400","64
14
1500","65
14
1600","67
14
1700","69
14
1800","71
14
1900","73
14
2000","76
14
2100","79
14
2200","82
14
2300"
밍스,저학년_밍스.webp,캬오오~,소리를 질러 적들에게 범위 물리 피해를 입힌다.,총 물리 피해 : {0}%,145,155,165,180,190,205,225,240,265,285,,,
바나,저학년_바나.webp,호두까기 장인,"자신에게 보호막을 생성하고, 모든 후열 아군에게 보호막을 부여한다.",보호막 : 최대 HP의 {0}%\n보호막 지속시간 : {1}초,"18
5","19
5","21
5","22
5","24
5","25
5","27
5","30
5","32
5","35
5",,,
바롱,저학년_바롱.webp,뒷담까기 인형,"가장 뒤에 있는 적에게 달려가 마법 피해를 입히고 <color=#F55471>저주</color>를 건다.\n스킬 시전 후, 일정 시간 동안 자신의 공격 속도가 증가하고 적의 마법 방어력을 감소시킨다.\n적이 3명 이상이면 공격하지 않은 적을 우선 공격한다.\n<color=#F55471>저주 : 대상이 받은 피해량의 일정 비율만큼 무작위 다른 대상에게 마법 피해를 입힌다.</color>",마법 피해 : {0}%\n저주 지속시간 : {1}초\n마법 방어력 감소량 : {2}\n마법 방어력 감소 지속시간 : {3}초\n공격 속도 증가 : {4}%\n공격 속도 증가 지속시간 : {5}초,"315
15
300
6
100
5","333
15
300
6
100
5","354
15
300
6
100
5","381
15
300
6
100
5","408
15
300
6
100
5","441
15
300
6
100
5","477
15
300
6
100
5","516
15
300
6
100
5","561
15
300
6
100
5","606
15
300
6
100
5","630
15
300
6
100
5","654
15
300
6
100
5","678
15
300
6
100
5"
바리에,저학년_바리에.webp,책을 정리해주세요오,북카트를 끌고 가장 공격력이 높은 아군에게 보호막을 부여하고 SP를 회복시키고 돌아온다. 북카트를 끄는 동안에는 이동속도가 감소한다.,보호막 : 최대 HP의 {0}%\n보호막 지속시간 : {1}초\nSP 회복량 : {2},"26
3
60","28
3
60","29
3
60","30
3
60","32
3
60","33
3
60","35
3
60","36
3
60","37
3
60","39
3
60",,,
버터,저학년_버터.webp,버터 플라이!,튕기는 탄환을 발사해 적에게 물리 피해를 입힌다. 물리 피해량과 타격 횟수는 자신의 학년에 따라 증가한다.,1학년 물리 피해 : {0}% 타격 횟수 1회\n2학년 물리 피해 : {1}% 타격 횟수 2회\n3학년 물리 피해 : {2}% 타격 횟수 3회\n4학년 물리 피해 : {3}% 타격 횟수 4회 \n5학년 물리 피해 : {4}% 타격 횟수 5회 \n6학년 물리 피해 : {5}% 타격 횟수 6회,"45
45
50
55
60
75","50
50
50
60
65
80","50
50
55
65
70
85","55
55
60
65
75
90","60
60
65
75
80
100","65
65
70
80
90
105","70
70
75
85
95
115","75
75
80
95
105
125","85
85
90
100
110
135","90
90
95
110
120
145","100
100
105
120
130
155","110
110
115
130
140
165","120
120
125
140
150
175"
베니,저학년_베니.webp,생선 꿀~꺽!,생선을 먹어 HP를 회복한다.,HP 회복 : 공격력의 {0}%,1876,1981,2107,2254,2429,2618,2828,3066,3318,3598,3892,4214,4557
베니(베니),저학년_베니(베니).webp,허니밤,"지정된 사거리 내에서 가장 뒤에 있는 적에게 꿀 덩이를 던진다.\n꿀 덩이는 튀길 때마다 꿀 웅덩이를 생성하고 적들에게 범위 물리 피해를 입힌다. 꿀 덩이가 대상에게 도달하면 더 큰 피해를 입힌다.\n꿀 웅덩이 위의 적에게 매초 <color=#F55471>꿀범벅</color>을 건다.\n<color=#F55471>꿀범벅</color>은 최대 20회까지 중첩될 수 있다.\n<color=#F55471>꿀범벅 : 공격 속도, 이동 속도가 감소한다.</color>",물리 피해 : {0}%\n마지막 타격 물리 피해 : {1}%\n꿀 웅덩이 지속시간 : {2}초\n꿀범벅 지속시간 : {3}초\n1중첩시 공격 속도 감소 : {4}%\n1중첩시 이동 속도 감소 : {5}%,"146
437
6
15
1.5
1.5","156
468
6
15
1.5
1.5","167
500
6
15
1.5
1.5","177
531
6
15
1.5
1.5","188
563
6
15
1.5
1.5","198
594
6
15
1.5
1.5","209
626
6
15
1.5
1.5","219
657
6
15
1.5
1.5","230
689
6
15
1.5
1.5","240
720
6
15
1.5
1.5","251
752
6
15
1.5
1.5","261
783
6
15
1.5
1.5","272
815
6
15
1.5
1.5"
베루,저학년_베루.webp,도끼 날아가요~,도끼 3개를 던져 적에게 물리 피해를 입힌다.,총 물리 피해 : {0}%,138,150,156,168,180,198,210,228,252,270,,,
벨라,저학년_벨라.webp,경계선상의 유령,"전방에 불꽃길을 보내 적들에게 범위 마법 피해를 입히고 <color=#F55471>도발</color>한다. 모든 아군에게 <color=#F55471>존속</color>을 부여하고 추가로 자신에게 <color=#F55471>영속</color>을 부여한다. <color=#F55471>영속</color> 상태에서 <color=#F55471>직접 피해</color>로 전투불능에 이를 시, 마지막으로 <color=#F55471>직접 피해</color>를 준 적에게 <color=#F55471>변이</color>를 건다.\n<color=#F55471>영속</color>은 웨이브 당 한 번만 부여할 수 있고, 해제할 수 없다.\n<color=#F55471>도발 : 도발한 대상을 기본 공격으로 공격한다.</color>\n<color=#F55471>존속 : 물리 공격력, 마법 공격력, 최대 HP가 증가한다.</color>\n<color=#F55471>영속 : 전투불능이 되면 일정 시간 동안 모든 HP를 회복한다.</color>\n<color=#F55471>직접 피해 : 상태이상 피해, 반사 피해, 저주 피해, 분산 피해를 제외한 직접 공격에 의한 피해를 의미한다.</color>\n<color=#F55471>변이 : 사물로 변경되며 행동불가 상태가 된다.</color>",마법 피해 : {0}%\n도발 지속시간 : {1}초\n존속 공격력 증가 : {2}%\n존속 최대 HP 증가 : {3}%\n존속 지속시간 : {4}초\n변이 지속시간 : {5}초,"450
4
20
30
7
8","475
4
21
30
7
8","500
4
22
30
7
8","525
4
23
30
7
8","550
4
24
30
7
8","575
4
25
30
7
8","600
4
26
30
7
8","625
4
27
30
7
8","650
4
28
30
7
8","675
4
29
30
7
8","700
4
30
30
7
8","725
4
31
30
7
8","750
4
32
30
7
8"
벨리타,저학년_벨리타.webp,디멘션 오브 위치,차원 에너지를 폭발시켜 적들에게 범위 마법 피해를 입힌다.,마법 피해 : {0}%,360,400,440,480,520,560,600,640,680,720,760,800,840
벨벳,저학년_벨벳.webp,그냥 다 덤벼!,적들을 <color=#F55471>도발</color>한다. 지속시간 동안 받는 물리 피해량이 감소하며 장착한 아티팩트 하나 당 받는 물리 피해량이 추가로 감소한다.\n<color=#F55471>도발 : 도발한 대상을 기본 공격으로 공격한다.</color>,받는 물리 피해량 감소 : {0}%\n받는 물리 피해량 추가 감소 : {1}%\n물리 피해 감소 지속시간 : {2}초\n도발 지속시간 : {3}초,"19
1
4
4","20
2
4
4","21
3
4
4","22
4
4
4","23
5
4
4","24
6
4
4","25
7
4
4","26
8
4
4","27
9
4
4","28
10
4
4","29
11
4
4","30
12
4
4","31
13
4
4"
블랑셰,저학년_블랑셰.webp,싱크로즈,최대 세 번까지 튕기며 적에게 마법 피해를 입히는 싱크로즈를 날린다. 싱크로즈는 공격하지 않은 대상을 우선 공격한다. 마지막 타격에 확정 치명타 피해를 입힌다.,연쇄 공격 대상 : 최대 {0}명\n마법 피해 : {1}%\n마지막 타격 피해 : {2}%,"3
324
216","3
344
230","3
366
244","3
388
259","3
410
273","3
432
288","3
452
302","3
474
316","3
496
331","3
518
345","3
540
359","3
562
373","3
584
387"
비비,저학년_비비.webp,소녀에게 오시려구요?,"피해를 흡수하는 수은 보호막을 자신에게 생성한다. 보호막이 파괴되거나 지속시간이 다하면, 적들에게 범위 마법 피해를 입히고 모든 방어력을 감소시킨다.",보호막 : 최대 HP의 {0}%\n보호막 지속시간 : {1}초\n보호막 파괴 마법 피해 : {2}%\n모든 방어력 감소량 : {3}\n모든 방어력 감소 지속시간 : {4}초,"27
6
135
1500
16","29
6
162
2250
16","31
6
189
3000
16","33
6
216
3750
16","35
6
243
4500
16","37
6
270
5250
16","39
6
297
6000
16","41
6
324
6750
16","43
6
351
7500
16","45
6
378
8250
16","47
6
405
9000
16","49
6
432
9750
16","51
6
459
10500
16"
빅우드,저학년_빅우드.webp,자연을 지키자,마법 피해를 흡수하는 보호막을 자신에게 생성한다.,보호막 : 최대 HP의 {0}%\n보호막 지속시간 : {1}초,"102
6","107
6","112
6","117
6","127
6","137
6","147
6","157
6","167
6","182
6","197
6","212
6","227
6"
사리,저학년_사리.webp,장난스런 웃음,지정된 사거리 내에서 가장 멀리 있는 적에게 빠르게 이동한 후 낫을 휘둘러 물리 피해를 입힌다.,물리 피해 : {0}%,115,125,130,140,150,165,175,190,210,225,,,
샤샤,저학년_샤샤.webp,텀블러 투척!,"텀블러를 적에게 떨어뜨린다. 텀블러가 떨어진 위치에 물살을 남겨 적들에게 5회 범위 마법 피해를 입히고, 일반 공격 피해량을 감소시킨다. 효과 및 피해는 최대 3인에게 적용된다.",물살 지속시간 : {0}초\n초당 마법 피해 : {1}%\n일반 공격 피해량 감소 : {2}%\n일반 공격 피해량 감소 지속시간 : {3}초,"4
150
25
4","4
160
25
4","4
170
26
4","4
180
26
4","4
190
27
4","4
200
27
4","4
210
28
4","4
220
28
4","4
230
29
4","4
240
29
4","4
250
30
4","4
260
30
4","4
270
31
4"
셀리네,저학년_셀리네.webp,온 마음을 다해,지정된 사거리 내에서 가장 멀리 있는 적에게 하트 에너지를 날려 충돌한 적들에게 범위 마법 피해를 입힌다. 하트 에너지는 적 위치에 도달하면 터지면서 주변에 <color=#F55471>기절</color>을 건다.\n<color=#F55471>기절 : 행동불가 상태가 된다.</color>,타수당 마법 피해 : {0}%\n하트 에너지 피해 간격 : {1}초\n기절 지속시간 : {2}초,"40
0.5
4.5","44
0.5
4.5","48
0.5
4.5","52
0.5
4.5","56
0.5
4.5","60
0.5
4.5","64
0.5
4.5","68
0.5
4.5","72
0.5
4.5","76
0.5
4.5","80
0.5
4.5","84
0.5
4.5","88
0.5
4.5"
셰럼,저학년_셰럼.webp,위치 아카이브,"자신 주변에 일정 시간 동안 전승의 커튼을 생성한다. 전승의 커튼 위 아군의 받는 회복량을 증가시키고, 받는 피해량을 7회 감소시킨다.\n받는 피해량 감소 효과는 중첩될 수 있다.",전승의 커튼 지속시간 : {0}초\n받는 회복량 증가 : {1}%\n받는 회복량 증가 지속 시간 : {2}초\n받는 피해량 감소 : {3}%\n받는 피해량 감소 지속 시간 : {4}초,"6
11
10
3
10","6
12
10
3
10","6
13
10
3
10","6
14
10
3
10","6
15
10
3
10","6
16
10
4
10","6
17
10
4
10","6
18
10
4
10","6
19
10
4
10","6
20
10
4
10","6
21
10
5
10","6
22
10
5
10","6
23
10
5
10"
셰이디,저학년_셰이디.webp,불 좀 꺼줄래?,순간 이동해 지정된 사거리 내에서 가장 뒤에 있는 적에게 13회 물리 피해를 입히고 SP를 감소시킨다. 첫 타격은 더 높은 피해를 입힌다.,물리 피해 : {0}%\n첫 타격 물리 피해 : {1}%\nSP 감소 : {2}%,"356
237
25","376
251
26.5","400
267
28","429
286
29.5","462
308
31.5","498
332
34","538
359
36.5","583
388
39","631
421
42","684
456
45.5","737
491
49","790
526
52.5","843
562
56.5"
셰이디(역전),저학년_셰이디(역전).webp,차원의 틈,차원의 틈을 열어 유령의 소품 세 가지 중 하나를 소환한다. 소환된 소품에 따라 다른 효과를 발동한다.\n스피키의 호박 : 가운데에 있는 아군에게 호박을 던진다. 호박은 주변 아군의 HP를 회복시킨다.\n레테의 레이저 : 가운데에 있는 아군에게 레이저를 비춘다. 레이저는 주변 아군의 받는 피해량을 감소시킨다.\n앨리스의 체어 캣 : 가운데에 있는 적에게 체어 캣을 찍어 범위 물리 피해를 입히고 <color=#F55471>기절</color>을 건다.\n<color=#F55471>기절 : 행동불가 상태가 된다.</color>,스피키의 호박 HP 회복 : 최대 HP의 {0}%\n레테의 레이저 받는 피해량 감소 : {1}%\n레테의 레이저 받는 피해량 감소 지속시간 : {2}초\n앨리스의 체어 캣 물리 피해 : {3}%\n앨리스의 체어 캣 기절 지속시간 : {4}초,"24
50
5
430
5","25
50
5
460
5","26
50
5
490
5","27
50
5
520
5","28
50
5
550
5","29
50
5
580
5","30
50
5
610
5","31
50
5
640
5","32
50
5
670
5","33
50
5
700
5","34
50
5
730
5","35
50
5
760
5","36
50
5
790
5"
슈로,저학년_슈로.webp,조율,일정 시간 동안 자신 주변에 검의 영역을 생성한다. 영역 위 아군은 매초 받는 피해량 감소 효과를 받고 역할군에 따라 지정된 효과를 추가로 받는다.\n탱커 : 스킬 피해량 증가\n딜러 : 일반 공격 피해량 증가\n서포터 : 치유량 증가,검의 영역 지속시간 : {0}초\n받는 피해량 감소 : {1}%\n스킬 피해량 증가 : {2}%\n일반 공격 피해량 증가 : {3}%\n치유량 증가 : {4}%\n효과 지속 시간 : {5}초,"6
25
25
25
40
6","6
27
28
28
45
6","6
29
31
31
50
6","6
31
34
34
55
6","6
33
37
37
60
6","6
35
40
40
65
6","6
37
43
43
70
6","6
39
46
46
75
6","6
41
49
49
80
6","6
43
52
52
85
6","6
45
55
55
90
6","6
47
58
58
95
6","6
49
61
61
100
6"
슈팡,저학년_슈팡.webp,무책임 배달부,빠르게 우편을 2회 왕복 배송한다. 우편물을 흘릴 때마다 주변 아군의 HP를 회복시킨다.,HP 회복 : 공격력의 {0}%\nHP 회복 시전 횟수 : {1}번,"557
4","587
4","624
4","666
4","718
4","774
4","839
4","906
4","983
4","1064
4","1145
4","1226
4","1307
4"
스노키,저학년_스노키.webp,불법 두유,"소지한 밀두유를 마셔 전열 아군에게 보호막을 부여한다. 보호막이 파괴되거나 지속시간이 다하면, 주위 적들이 받는 물리 피해량이 증가한다. 자신과 근접한 적이 3명 이상일 경우, 매초 자신의 HP를 회복한다.",보호막 : 최대 HP의 {0}%\n보호막 지속시간 : {1}초\n받는 물리 피해량 증가 : {2}%\n받는 물리 피해량 증가 지속시간 : {3}초\n지속 HP 회복 : 공격력의 {4}%\n회복 지속시간 : {5}초,"34
6
12
8
219
8","34
6
12
8
231
8","34
6
12
8
246
8","34
6
12
8
264
8","34
6
12
8
284
8","34
6
12
8
306
8","34
6
12
8
332
8","34
6
12
8
359
8","34
6
12
8
389
8","34
6
12
8
420
8","34
6
12
8
455
8","34
6
12
8
492
8","34
6
12
8
533
8"
스피키,저학년_스피키.webp,펌킨 매직,가장 공격력이 높은 아군의 SP를 회복시킨다.,SP 회복 : {0}%,17.6,18.6,19.8,21.2,22.8,24.6,26.6,28.8,31.2,33.8,,,
스피키(메이드),저학년_스피키(메이드).webp,깨끗하면 할 일이 없어!,"고장난 청소기로 잡동사니 세 가지 중 하나를 전방의 적들에게 날린다. 잡동사니 종류에 따라 다른 효과를 발동한다.\n전단지는 범위 마법 피해를 입히고, SP를 감소시킨다.\n사탕은 범위 마법 피해를 입히고, 공격 속도를 감소시킨다.\n호박은 하늘에 발사되고 전방에 떨어져 범위 마법 피해를 입힌다. 떨어진 호박은 폭발하며 더 큰 피해를 입힌다.",전단지 마법 피해 : {0}%\n사탕 마법 피해 : {1}%\n호박 낙하 마법 피해 : {2}%\n호박 폭발 마법 피해 : {3}%\nSP 감소량 : {4}\n공격 속도 감소 : {5}%\n공격 속도 감소 지속시간 : {6}초,"153
153
46
153
50
15
6","161
161
48
161
50
15
6","168
168
50
168
50
15
6","175
175
52
175
50
15
6","183
183
54
183
50
15
6","190
190
55
190
50
15
6","198
198
57
198
50
15
6","205
205
59
205
50
15
6","212
212
61
212
50
15
6","220
220
63
220
50
15
6","227
227
64
227
50
15
6","234
234
66
234
50
15
6","242
242
68
242
50
15
6"
시스트,저학년_시스트.webp,총알 배송,"총알을 발사해 남은 HP 비율이 가장 낮은 적에게 물리 피해를 준다. 적을 처치했을 경우, SP를 100% 회복한다.",물리 피해 : {0}~{1}%\n최대 사용 횟수 : {2}회,"435
1225
6","460
1300
6","490
1380
6","525
1475
6","560
1590
6","605
1715
6","655
1855
6","710
2010
6","775
2175
6","835
2355
6","890
2510
6","945
2665
6","1000
2820
6"
시온 더 다크불릿,저학년_시온 더 다크불릿.webp,마.탄.의.사.수,"어둠의 힘을 모아 <color=#F55471>마탄</color>을 최대로 장전하고, 지정된 사거리 내에서 가장 멀리 있는 적에게 물리 피해를 입힌다.\n공격 시 <color=#F55471>마탄</color>을 소모하며 <color=#F55471>마탄</color> 개수당 공격 횟수가 증가한다.\n<color=#F55471>마탄</color>이 5개일 때 저학년 스킬을 사용하면 자신의 피해량이 증가한다.\n<color=#F55471>마탄</color>은 최대 5개까지 획득 가능하다.\n<color=#F55471>마탄 : 물리 공격력이 상승한다.</color>",마탄 1개당 물리 피해 : {0}%\n마탄 물리 공격력 증가 : {1}%\n피해량 증가 : {2}%\n피해량 증가 지속시간 : {3}초,"350
5
36
12","385
5
36
12","420
5
36
12","455
5
36
12","490
5
36
12","525
5
36
12","560
5
36
12","595
5
36
12","630
5
36
12","665
5
36
12","700
5
36
12","735
5
36
12","770
5
36
12"
시저,저학년_시저.webp,실이 보인다,"적 머리 위에 나타나 6회 마법 피해를 입힌다. 대상의 SP를 감소시키고 자신의 SP를 회복한다.\n대상이 사도일 경우, 효과가 변경되어 고학년 스킬 재사용 대기시간을 증가시키고 자신의 고학년 스킬 재사용 대기시간을 감소시킨다.\n<color=#F55471>빌런의 수하</color>로 지정된 아군은 자신과 동일한 효과를 받는다.\n저학년 스킬 사용 중에는 <color=#F55471>기절, 넉백</color>에 면역이 된다.\n<color=#F55471>기절 : 행동불가 상태가 된다.</color>\n<color=#F55471>넉백 : 행동불가 상태로 뒤로 밀린다.</color>",총 마법 피해 : {0}%\nSP 감소량 : {1}\nSP 회복량 : {2}\n고학년 스킬 재사용 대기시간 증가 : {3}초\n고학년 스킬 재사용 대기시간 감소 : {4}초,"1080
100
50
5
5","1140
100
50
5
5","1200
100
50
5
5","1260
100
50
5
5","1320
100
50
5
5","1380
100
50
5
5","1440
100
50
5
5","1500
100
50
5
5","1560
100
50
5
5","1620
100
50
5
5","1680
100
50
5
5","1740
100
50
5
5","1800
100
50
5
5"
실라,저학년_실라.webp,래피드 샷,화살을 보이지 않을 정도로 빠르게 5회 발사해 지정된 사거리 내에서 가장 멀리 있는 적에게 물리 피해를 입힌다.,총 물리 피해 : {0}%,390,410,440,470,500,540,590,630,690,740,790,840,890
실피르,저학년_실피르.webp,창공의 지배자,적들에게 범위 물리 피해를 입히고 SP를 감소시킨다.,물리 피해 :  {0}%\nSP 감소 : {1}%,"180
20","210
22","240
24","270
26","300
28","330
30","360
32","390
34","420
36","450
38",,,
아네트,저학년_아네트.webp,MVP 예측,전광판을 띄워 5초 동안 입힌 피해량이 가장 높은 아군을 MVP로 선정한다. MVP로 선정된 아군의 공격 속도와 주는 피해량을 증가시킨다. MVP는 해제할 수 없다.\n입힌 피해량 집계 중에는 자신의 SP 회복이 중단된다.,MVP 지속시간 : {0}초\n공격 속도 증가 : {1}%\n주는 피해량 증가 : {2}%,"12
80
84","12
85
92","12
90
100","12
95
108","12
100
116","12
105
124","12
110
132","12
115
140","12
120
148","12
125
156","12
130
164","12
135
172","12
140
180"
아르코,저학년_아르코.webp,정정당당 댄스배틀,"눈부신 댄스 실력으로 적들에게 4회 범위 물리 피해를 입힌다.\n첫 번째 타격은 적이 보호막을 보유 중일 경우, 보호막을 하나 파괴한다. 보호막을 파괴하면 일정 시간 동안 대상의 HP 회복을 중단시킨다.",총 물리 피해 : {0}%\nHP 회복 중단 지속시간 : {1}초,"440
8","480
8","520
8","560
8","600
8","640
8","680
8","720
8","760
8","800
8","840
8","880
8","920
8"
아멜리아,저학년_아멜리아.webp,새틀라이트 전술폭격,새틀라이트 신호탄을 발사해 레이저 폭격을 떨어트려 적들에게 범위 물리 피해를 입히고 <color=#F55471>감전</color>을 건다.\n<color=#F55471>감전 : 공격 및 이동속도가 감소한다.</color>,물리 피해 : {0}%\n감전 지속시간 : {1}초,"285
6","300
6","320
6","345
6","370
6","400
6","430
6","470
6","505
6","550
6","580
6","610
6","640
6"
아멜리아(R41),저학년_아멜리아(R41).webp,엘렌-A 오버차지,가운데에 있는 아군에게 치료 증폭 드론을 보낸다. 치료 증폭 드론은 주변 아군의 HP를 회복시킨다. 최대 HP를 초과한 HP 회복량은 일정 비율만큼 보호막으로 전환된다.,HP 회복 : 최대 HP의 {0}%\n보호막 전환 비율 : 초과한 HP 회복량의 {1}%\n보호막 지속시간 : {2}초,"12
20
9","14
20
9","16
20
9","18
20
9","20
20
9","22
20
9","24
20
9","26
20
9","28
20
9","30
20
9","32
20
9","34
20
9","36
20
9"
아사나,저학년_아사나.webp,마력 분출,"자신에게 보호막을 생성하고 전방으로 마력을 발사해 충돌한 적에게 물리 피해를 입힌다. \n세 번째 발사마다 효과가 강화되어 충돌한 적에게 더 높은 피해를 입히고, <color=#F55471>기절</color>을 건다.\n<color=#F55471>기절 : 행동불가 상태가 된다.</color>",물리 피해 : {0}%\n보호막 : 최대 HP의 {1}%\n보호막 지속시간 : {2}초\n강화 시 물리 피해 : {3}%\n기절 지속시간 : {4}초,"375
35
5
1080
5","400
35
5
1160
5","425
35
5
1240
5","450
35
5
1320
5","475
35
5
1400
5","500
35
5
1480
5","525
35
5
1560
5","550
35
5
1640
5","575
35
5
1720
5","600
35
5
1800
5","625
35
5
1880
5","650
35
5
1960
5","675
35
5
2040
5"
아야,저학년_아야.webp,싸락나비,"적에게 나비를 날려 일정 거리를 이동하고 다시 돌아오게 한다. 나비는 충돌한 적에게 여러 번의 마법 피해를 입히고, 스킬 피해량을 감소시킨다. 나비가 적에게 충돌하면 자신의 SP를 회복한다.\n스킬 피해량 감소 효과는 중첩되지 않는다.\nSP 회복 효과는 같은 대상에게 한 번만 발동한다.",타수당 마법 피해 : {0}%\n마법 피해 간격 : {1}초\n스킬 피해량 감소 : {2}%\n스킬 피해량 감소 지속시간 : {3}초\n대상당 SP 회복 : {4}%,"180
0.8
50
6
20","190
0.8
50
6
20","200
0.8
50
6
20","210
0.8
50
6
20","220
0.8
50
6
20","230
0.8
50
6
20","240
0.8
50
6
20","250
0.8
50
6
20","260
0.8
50
6
20","270
0.8
50
6
20","280
0.8
50
6
20","290
0.8
50
6
20","300
0.8
50
6
20"
아이시아,저학년_아이시아.webp,신제품 시연,적에게 냉장고를 떨어뜨린다. 냉장고는 적들에게 4회 범위 마법 피해를 입힌다.,총 마법 피해 : {0}%,2100,2160,2220,2280,2340,2400,2460,2520,2580,2640,2700,2760,2820
아일라,저학년_아일라.webp,휴가 중 잠적,"화산 정령들의 도움을 받아 자신과 모든 아군 사도에게 화산 보호막을 부여한다.\n화산 보호막이 파괴되거나 지속시간이 다하면, 화산 정령이 나타난다.\n화산 정령은 무작위 적에게 마법 피해를 입히고 주는 피해량을 감소시킨다.",화산 보호막 : 최대 HP의 {0}%\n화산 보호막 지속시간 : {1}초\n화산 정령 마법 피해 : {2}%\n주는 피해량 감소 : {3}%\n주는 피해량 감소 지속시간 : {4}초,"45
8
103
50
6","50
8
113
50
6","55
8
122
50
6","60
8
131
50
6","65
8
141
50
6","70
8
150
50
6","75
8
159
50
6","80
8
169
50
6","85
8
178
50
6","90
8
188
50
6","95
8
197
50
6","100
8
206
50
6","105
8
216
50
6"
알레트,저학년_알레트.webp,삽치기,삽을 휘둘러 적에게 피해를 입히고 <color=#F55471>기절</color>을 건다.\n<color=#F55471>기절 : 행동불가 상태가 된다.</color>,물리 피해 : {0}%\n기절 지속시간 : {1}초,"400
4","425
4","455
4","485
4","520
4","565
4","610
4","660
4","715
4","775
4",,,
앨리스,저학년_앨리스.webp,아르카나,약식 점괘의 3가지 효과 중 하나를 발동한다.\n우산 지참 : 범위 마법 피해와 <color=#F55471>감전</color> 효과.\n잔불 조심 : 범위 마법 피해와 <color=#F55471>화상</color> 효과.\n생채기 주의 : 무작위 적 3명에게 마법 피해와 <color=#F55471>기절</color> 효과.\n<color=#F55471>감전 : 공격 및 이동속도가 감소한다.</color>\n<color=#F55471>화상 : 매초 피해를 입는다.</color>\n<color=#F55471>기절 : 행동불가 상태가 된다.</color>,우산 지참 총 마법 피해 : {0}%\n잔불 조심 마법 피해 : {1}%\n생채기 주의 총 마법 피해 : {2}%\n감전 지속시간 : {3}초\n화상 지속시간 : {4}초\n기절 지속시간 : {5}초,"613
832
438
7
5
3","643
872
459
7
5
3","672
912
480
7
5
3","701
952
501
7
5
3","731
992
522
7
5
3","760
1032
543
7
5
3","790
1072
564
7
5
3","819
1112
585
7
5
3","848
1151
606
7
5
3","878
1191
627
7
5
3","907
1231
648
7
5
3","937
1271
669
7
5
3","966
1311
690
7
5
3"
에르핀,저학년_에르핀.webp,마력탄 폭주,폭주하는 마력탄을 4개 발사해 무작위 적들에게 범위 마법 피해를 입힌다.,총 마법 피해 : {0}%,350,370,395,420,455,490,530,575,620,675,710,745,780
에슈르,저학년_에슈르.webp,빵템피드,빵 6개를 보내 가장 공격력이 높은 적에게 범위 마법 피해를 입힌다.,총 마법 피해 : {0}%,413,435,462,495,534,578,622,671,732,792,828,864,900
에스피,저학년_에스피.webp,헤롱헤롱 촛불,유령 촛불을 날려 가장 공격력이 높은 적에게 2회 마법 피해를 입히고 <color=#F55471>침묵</color>을 건다.\n<color=#F55471>침묵 : 모든 스킬을 사용할 수 없게 된다.</color>,총 마법 피해 : {0}%\n침묵 지속시간 : {1}초,"1530
10","1580
10","1630
10","1690
10","1750
10","1830
10","1910
10","2000
10","2110
10","2220
10","2330
10","2440
10","2550
10"
에피카,저학년_에피카.webp,극적인 연출,"일정 시간 동안 자신의 주변 아군 공격 속도가 증가하며, 더 높은 공격 속도와 함께 다음 효과들을 추가로 얻는다. 기본 공격 발동이 강화 공격으로 대체된다. 자신은 1회에 한해 받는 피해가 최대 HP의 40%를 초과하지 않는다.",공격 속도 증가 : {0}%\n아군 공격 속도 증가 : {1}%\n버티기 발동 횟수 : {2}회\n공격 속도 증가 지속시간 : {3}초,"60
8
1
10","63
8.5
1
10","66
9
1
10","69
9.5
1
10","72
10
1
10","75
10.5
1
10","78
11
1
10","81
11.5
1
10","84
12
1
10","87
12.5
1
10","90
13
1
10","93
13.5
1
10","96
14
1
10"
엘레나,저학년_엘레나.webp,전술 드론 MK-2,펄스파를 전방으로 방출해 적들에게 범위 물리 피해를 입히고 <color=#F55471>감전</color>을 건다. 아멜리아가 덱에 편성되어 있을 경우 <color=#F55471>감전</color> 지속시간이 늘어난다.\n<color=#F55471>감전 : 공격 및 이동속도가 감소한다.</color>,물리 피해 : {0}%\n감전 지속시간 : {1}초\n강화 감전 지속시간 : {2}초,"315
4
8","345
4
8","375
4
8","405
4
8","435
4
8","465
4
8","495
4
8","525
4
8","555
4
8","585
4
8","615
4
8","645
4
8","675
4
8"
오르,저학년_오르.webp,강제 기상 장치,"가장 공격력이 높은 적에게 드론 강제 기상군을 던진다. 드론이 부착된 적에게 일정 시간동안 <color=#F55471>소음</color>을 건다. 대상이 사도일 경우, 추가로 <color=#F55471>집중 방해</color>를 건다. 드론은 일정 시간마다 부착 대상을 무작위로 변경하며, 지속시간이 다하면 마지막 대상에게 마법 피해를 입힌다.\n<color=#F55471>소음 : 주는 피해량이 감소한다.</color>\n<color=#F55471>집중 방해 : 고학년 스킬의 재사용 대기시간이 감소하지 않는다.</color>",드론 지속시간 : {0}초\n소음 지속시간 : {1}초\n집중 방해 지속시간 : {2}초\n마법 피해 : {3}%,"20
8
8
500","20
8
8
540","20
8
8
580","20
8
8
620","20
8
8
660","20
8
8
700","20
8
8
740","20
8
8
780","20
8
8
820","20
8
8
860","20
8
8
900","20
8
8
940","20
8
8
980"
오팔,저학년_오팔.webp,가십 드래곤,"가장 공격력이 높은 아군에게 양산을 씌워준다. 양산 주변의 아군과 자신에게 피해량을 증가시키고, 매초 HP를 회복시킨다.",피해량 증가 : {0}%\n피해량 증가 지속시간 : {1}초\n지속 HP 회복 : 공격력의 {2}%\nHP 회복 지속시간 : {3}초,"30
10
360
10","32
10
378
10","34
10
396
10","36
10
414
10","38
10
432
10","40
10
450
10","42
10
468
10","44
10
486
10","46
10
504
10","48
10
522
10","50
10
540
10","52
10
558
10","54
10
576
10"
요미,저학년_요미.webp,달바라기,"일정 시간 동안 가장 가까운 적 위치에 달의 영역을 생성하며, 기본 공격 발동이 강화 공격으로 대체된다.\n매초 달의 영역 위 적들에게 마법 피해를 입히고 주는 피해량을 감소시키며, 아군의 받는 피해량을 감소시킨다.",달의 영역 지속시간 : {0}초\n강화 공격 발동 지속시간 : {0}초\n초당 마법 피해 : {1}%\n주는 피해량 감소 : {2}%\n주는 피해량 감소 지속시간 : {3}초\n받는 피해량 감소 : {4}%\n받는 피해량 감소 지속시간 : {5}초\n,"8
165
40
6
40
6","8
180
40
6
40
6","8
195
40
6
40
6","8
210
40
6
40
6","8
225
40
6
40
6","8
240
40
6
40
6","8
255
40
6
40
6","8
270
40
6
40
6","8
285
40
6
40
6","8
300
40
6
40
6","8
315
40
6
40
6","8
330
40
6
40
6","8
345
40
6
40
6"
우로스,저학년_우로스.webp,순환,"일정 시간 동안 자신 주변에 지배의 영역을 생성한다. 저학년 스킬을 사용할 때마다 지배의 영역의 범위가 증가하며, 최대 3번까지 증가할 수 있다. 영역 위에 있는 가장 공격력이 높은 아군의 공격력에 비례하여 영역 위에 있는 모든 아군에게 공격력을 부여한다.\n지배의 영역이 종료되면 일정 시간 동안 자신의 피해량이 증가한다.",지배의 영역 지속시간 : {0}초\n공격력 부여 : 대상 공격력의 {1}%\n피해량 증가 : {2}%\n피해량 증가 지속시간 : {3}초,"10
35
14
10","10
35
18
10","10
35
22
10","10
35
26
10","10
35
30
10","10
35
34
10","10
35
38
10","10
35
42
10","10
35
46
10","10
35
50
10","10
35
54
10","10
35
58
10","10
35
62
10"
우이,저학년_우이.webp,개굴비,자신 주변에 개굴비를 내려 매초 아군의 HP와 SP를 회복시키고 적들에게 범위 마법 피해를 입힌다.,지속 HP 회복 : 공격력의 {0}%\n지속 SP 회복 : 대상 최대 SP의 {1}%\n총 마법 피해 : {2}%\n개굴비 지속시간 : {3}초,"140
2
260
8","150
2.1
270
8","160
2.2
280
8","170
2.3
290
8","180
2.4
300
8","190
2.5
310
8","200
2.6
320
8","210
2.7
330
8","220
2.8
340
8","230
2.9
350
8","240
3
360
8","250
3.1
370
8","260
3.2
380
8"
유미미,저학년_유미미.webp,발싸! 아뵤~,강화된 화살을 발사해 지정된 사거리 내에서 가장 멀리 있는 적에게 물리 피해를 입힌다.,물리 피해 : {0}%,285,300,320,340,370,395,430,465,505,545,,,
이드,저학년_이드.webp,흐릿한 경계,"자신에게 보호막을 생성하며, 자신을 제외한 모든 아군에게 다음 효과를 준다. 일정 시간 동안 아군이 전투불능에 이를 시, 해당 피해를 무효화하고 보호막을 부여한다. 해당 효과는 최대 2번 발동한다.",보호 지속시간 : {0}초\n보호막 지속시간 : {1}초\n보호막 : 최대 HP의 {2}%\n아군 보호막 지속시간 : {3}초\n아군 보호막 : 최대 HP의 {4}%,"20
12
48
6
27","20
12
53
6
29","20
12
56
6
31","20
12
60
6
33","20
12
63
6
35","20
12
66
6
37","20
12
71
6
39","20
12
74
6
41","20
12
78
6
43","20
12
81
6
45","20
12
84
6
47","20
12
89
6
49","20
12
92
6
51"
이프리트,저학년_이프리트.webp,지글짝 보글짝,지정된 사거리 내에서 가장 멀리 있는 적에게 화염 지대를 생성한다. 화염 지대 안 적은 마법 피해를 입으며 <color=#F55471>화상</color>에 걸린다.\n<color=#F55471>화상 : 매초 피해를 입는다.</color>,마법 피해 : {0}%\n화상 지속시간 : {1}초,"170
4","180
4","190
4","205
4","220
4","235
4","255
4","280
4","300
4","325
4",,,
잉클,저학년_잉클.webp,먹물 세례,잉크 방울이 솟구쳐 적들에게 범위 마법 피해를 입히며 <color=#F55471>눈가림</color>을 걸고 <color=#F55471>먹빛</color>을 남긴다.\n<color=#F55471>눈가림 : 일반 공격이 빗나간다.</color>,마법 피해 :  {0}%\n눈가림 지속시간 : {1}초,"633
6","690
6","748
6","805
6","863
6","920
6","978
6","1035
6","1093
6","1150
6","1208
6","1265
6","1323
6"
제이드,저학년_제이드.webp,게르마늄 옥장판,"비취옥 중첩에 따라 적들에게 강해진 범위 마법 피해를 입힌다. 비취옥 최대 중첩 상태에서 스킬 발동 시, 보유 비취옥을 모두 잃는다.",마법 피해 : {0}%\n비취옥 1~2중첩시 피해 증가 : {1}%\n비취옥 3중첩시 피해 증가 : {2}%,"291
120
150","302
120
150","325
120
150","347
120
150","370
120
150","403
120
150","437
120
150","470
120
150","504
120
150","549
120
150","594
120
150","638
120
150","694
120
150"
죠안,저학년_죠안.webp,교리를 행하고,"일정 시간 동안 자신과 최대 HP가 가장 높은 아군 사도, 공격력이 가장 높은 아군 사도에게 <color=#F55471>분산</color> 효과를 부여한다. <color=#F55471>분산</color> 효과를 보유 중일 경우, 공격력을 증가시키고, 받는 피해량을 감소시킨다. \n현재 HP가 15% 미만인 아군은 스킬 대상에서 제외되고, 분산 효과를 받지 않는다.\n<color=#F55471>분산</color> 효과는 해제할 수 없고, <color=#F55471>분산</color> 피해로는 아군이 처치되지 않는다. \n<color=#F55471>분산 : 다른 분산 보유 아군과 피해를 나눠 입는다.</color>",분산 지속시간 : {0}초\n분산 비율 : {1}%\n공격력 증가 : {2}%\n받는 피해량 감소 : {3}%,"10
90
22
11","10
90
24
12","10
90
26
13","10
90
28
14","10
90
30
15","10
90
32
16","10
90
34
17","10
90
36
18","10
90
38
19","10
90
40
20","10
90
42
21","10
90
44
22","10
90
46
23"
쥬비,저학년_쥬비.webp,친구왔쮸비,친구 꿀벌을 부른다. 친구 꿀벌은 벌침으로 남은 HP 비율이 가장 낮은 적을 공격해 물리 피해를 입힌다.,소환수 물리 피해 : {0}%\n부를 수 있는 최대 소환수 : {1}마리,"80
3","80
3","80
4","80
4","80
5","80
5","80
7","80
8","80
10","80
10",,,
쵸피,저학년_쵸피.webp,퍄오오~,소리를 질러 적들에게 범위 피해를 입힌다.,총 물리 피해 : {0}%,400,425,455,485,520,565,610,660,715,775,,,
카렌,저학년_카렌.webp,당근 치유,당근의 힘으로 남은 HP 비율이 가장 낮은 아군을 회복시킨다.,HP 회복 : 공격력의 {0}%,480,505,540,580,620,670,725,785,850,925,,,
칸나,저학년_칸나.webp,큰 거 한 방,특수 포탄을 발사해 공격력이 가장 높은 적에게 범위 물리 피해를 입힌다.,물리 피해 : {0}%,487,513,548,584,630,682,738,800,861,938,1015,1092,1169
칸타,저학년_칸타.webp,탑스핀 블레이드,"강철팽이를 강하게 돌려 적에게 던진다. 강철팽이는 최대 3명의 적에게 충돌하며 물리 피해를 입히고, 마지막 충돌에 더 높은 피해를 입힌다.",물리 피해 : {0}%\n마지막 충돌 물리 피해 : {1}%,"200
400","210
420","220
440","230
460","240
480","250
500","260
520","270
540","280
560","290
580",,,
캐시,저학년_캐시.webp,바삭 지짐이,"연쇄되는 테이저 건을 발사해 적에게 받는 스킬 피해량을 증가시키고 물리 피해를 입힌다. 최대 3명까지 연쇄되며 주변에 다른 적이 없으면 연쇄되지 않는다.\n3명 미만에게 연쇄 시, 더 높은 물리 피해를 입힌다.",받는 스킬 피해량 증가 : {0}%\n받는 스킬 피해량 증가 지속시간 : {1}초\n물리 피해 : {2}%\n3명 미만 연쇄 시 물리 피해 : {3}%,"15
8
700
910","16
8
750
975","17
8
800
1040","18
8
850
1105","19
8
900
1170","20
8
950
1235","21
8
1000
1300","22
8
1050
1365","23
8
1100
1430","24
8
1150
1495","25
8
1200
1560","26
8
1250
1625","27
8
1300
1690"
캬롯,저학년_캬롯.webp,탄산수액 발사,"사탕수수 수액을 흔들어 발사하며, 발사된 수액은 잠시 후 자신에게 떨어진다. 범위 내 아군에게 주는 피해량을 증가시키고 받는 피해량을 감소시킨다.",주는 피해량 증가 : {0}%\n받는 피해량 감소 : {1}%\n피해량 변화 지속시간 : {2}초,"25
16
8","26
17
8","27
18
8","28
19
8","29
20
8","30
21
8","31
22
8","32
23
8","33
24
8","34
25
8","35
26
8","36
27
8","37
28
8"
코미,저학년_코미.webp,푹신푹신 타임,"잠을 자 매초 자신의 HP를 회복하며, 잠든 동안에는 디버프에 면역이 된다.",지속 HP 회복 : 최대 HP의 {0}%\n회복 지속시간 : {1}초,"12
4","12.5
4","13
4","13.5
4","14
4","14.5
4","15
4","15.5
4","16
4","16.5
4","17
4","17.5
4","18
4"
코미(수영복),저학년_코미(수영복).webp,물놀이 좋은거 아니야?,"물장구를 칠 때마다 일정 시간 동안 근처에 있는 모든 아군의 HP를 회복시키고, 자신을 포함한 앞 뒤 범위 내 아군의 스킬 피해량을 증가시킨다.\n 스킬 피해량 증가 효과는 최대 3회까지 중첩될 수 있다.",HP 회복 : 마법 공격력의 {0}%\n1중첩시 스킬 피해량 증가 : {1}%\n스킬 피해량 증가 지속시간 : {2}초,"36
7
9","41
8
9","45
10
9","50
11
9","54
13
9","59
14
9","63
15
9","68
17
9","72
18
9","77
20
9","81
21
9","86
22
9","90
24
9"
큐이,저학년_큐이.webp,오이 오일,오이의 힘으로 남은 HP 비율이 가장 낮은 아군을 회복시킨다.,HP 회복 : 공격력의 {0}%,510,535,570,610,660,710,770,835,900,980,,,
클로에,저학년_클로에.webp,메리 고 라운드,"세바스티안에 올라타 일정 시간 동안 <color=#F55471>인형의 의지</color>를 발동시킨다. 그리고, 자신에게 보호막을 생성한다. 기본 공격마다 일정 시간 동안 자신의 일반 공격 피해량이 증가한다. 일반 공격 피해량 증가 효과는 최대 9회까지 중첩될 수 있다.<br>인형의 의지 발동 중 한 번, 일반 공격 피해량 증가 효과 최대 중첩 시 인형의 의지 지속시간이 증가한다.<color=#F55471>인형의 의지</color>는 해제할 수 없다. \n<color=#F55471>인형의 의지 : 기본 공격의 효과가 변경된다.</color>",인형의 의지 지속시간 : {0}초\n보호막 : 최대 HP의 {1}%\n보호막 지속시간 : {2}초\n일반 공격 피해량 증가 : {3}%\n일반 공격 피해량 증가 지속시간 : {4}초\n인형의 의지 지속시간 증가 : {5}초,"8
48
8
7
10
8","8.4
51
8
7
10
8","8.8
54
8
7
10
8","9.2
57
8
7
10
8","9.6
61
8
7
10
8","10
66
8
7
10
8","10.4
71
8
7
10
8","10.8
76
8
7
10
8","11.2
82
8
7
10
8","11.6
89
8
7
10
8","12
96
8
7
10
8","12.4
103
8
7
10
8","12.8
111
8
7
10
8"
키디언,저학년_키디언.webp,아웃사이드 커터,적에게 달려들어 물리 피해를 입힌다. 장착한 아티팩트 하나당 공격 횟수가 증가한다.,타격 당 물리 피해 : {0}%\n,580,615,655,700,750,810,880,950,1030,1115,1200,1285,1370
타이다,저학년_타이다.webp,DX - 슈터,강력한 탄환을 발사해 적에게 물리 피해를 입힌다.,물리 피해 : {0}%,115,125,130,140,150,165,175,190,210,225,,,
티그,저학년_티그.webp,소닉 블레이드,"순간적으로 전방으로 전진하면서 범위 물리 피해를 입힌 뒤, 원래 자리로 돌아온다.",물리 피해 : {0}%,320,335,360,385,415,445,485,525,565,615,665,715,765
티그(영웅),저학년_티그(영웅).webp,사슴류 베기,"정면으로 돌진해 적들에게 범위 물리 피해를 입히고, 돌아오며 다시 범위 물리 피해를 입힌다. 자신의 배치열에 따라 다른 효과를 받는다. 두 번째 사용부터는 다른 배치열의 효과 중 하나를 추가로 받는다.\n저학년 스킬 사용 중에는 <color=#F55471>기절</color>, <color=#F55471>넉백</color>에 면역이 된다.\n\n전열 배치 : 일정 시간 동안 최대 HP가 증가하고 매초 HP를 회복한다.\n\n중열 배치 : 일정 시간 동안 <color=#F55471>훈련의 성과</color> 상태가 된다.\n<color=#F55471>훈련의 성과 : 강화 공격의 효과가 변경된다.</color>\n\n후열 배치 : 고학년 스킬 재사용 대기시간이 감소한다.",\n총 물리 피해 : {0}%\n\n전열 배치 최대 HP 증가 : {1}%\n전열 배치 최대 HP 증가 지속시간 : {2}초\n전열 배치 지속 HP 회복 : 최대 HP의 {3}%\n전열 배치 회복 지속시간 : {4}초\n\n중열 배치 훈련의 성과 지속시간 : {5}초\n\n후열 배치 고학년 스킬 대기 시간 감소 : {6}초,"1280
55
10
2.5
4
10
5.5","1390
60
10
2.5
4
10
6","1500
65
10
2.5
4
10
6.5","1610
70
10
2.5
4
10
7","1720
75
10
2.5
4
10
7.5","1830
80
10
2.5
4
10
8","1940
85
10
2.5
4
10
8.5","2050
90
10
2.5
4
10
9","2160
95
10
2.5
4
10
9.5","2270
100
10
2.5
4
10
10","2380
105
10
2.5
4
10
10.5","2490
110
10
2.5
4
10
11","2600
115
10
2.5
4
10
11.5"
파트라,저학년_파트라.webp,민트머겅!,민트가 묻은 뒤집개를 내려쳐 적에게 물리 피해를 입히고 <color=#F55471>중독</color>을 건다.\n<color=#F55471>중독 : 매초 피해를 입으며 공격력이 감소한다.</color>,물리 피해 : {0}%\n중독 지속시간 : {1}초,"135
4","140
4","150
4","160
4","175
4","190
4","205
4","220
4","240
4","260
4",,,
페스타,저학년_페스타.webp,락 앤 피스!,락을 연주해 범위 내 적들에게 매초 <color=#F55471>소음</color>을 걸고 적에게 걸려 있는 모든 이로운 버프를 해제한다.\n<color=#F55471>소음 : 주는 피해량이 감소한다.</color>,소음 지속시간 : {0}초,4,4.3,4.6,4.9,5.2,5.5,5.8,6.1,6.4,6.7,7,7.3,7.6
포셔,저학년_포셔.webp,무슨 포션 줄까?,무작위 포션 3개 중 하나를 적에게 던진다.\n초록 포션 : 남은 HP 비율이 가장 낮은 아군 회복.\n빨간 포션 : 무작위 적에게 마법 피해.\n노란 포션 : 무작위 적에게 마법 피해를 입히고 <color=#F55471>기절</color>을 검.\n<color=#F55471>기절 : 행동불가 상태가 된다.</color>,초록 포션 HP 회복 : 공격력의 {0}~{1}%\n빨간 포션 마법 피해 : {2}~{3}%\n노란 포션 마법 피해 : {4}~{5}%\n노란 포션 기절 지속시간 : {6}~{7}초,"3040
4120
760
1030
380
515
2
6","3240
4320
810
1080
405
540
2
6","3440
4600
860
1150
430
575
2
6","3680
4920
920
1230
460
615
2
6","3960
5320
990
1330
495
665
2
6","4240
5720
1060
1430
530
715
2
6","4640
6200
1160
1550
580
775
2
6","5000
6720
1250
1680
625
840
2
6","5400
7280
1350
1820
675
910
2
6","5840
7880
1460
1970
730
985
2
6","6280
8480
1570
2120
785
1060
2
6","6720
9080
1680
2270
840
1135
2
6","7160
9680
1790
2420
895
1210
2
6"
폴랑,저학년_폴랑.webp,요정 왕국에 경례,"제식 동작으로 아군의 사기를 높인다. 모든 아군의 HP를 회복시키고, 일정 시간 동안 스킬 피해량을 증가시킨다. \n후열 아군에게는 <color=#F55471>무적</color>을 건다.\n<color=#F55471>무적 : 모든 피해 및 디버프에 면역이 된다.</color>",HP 회복 : 공격력의 {0}%\n스킬 피해량 증가 : {1}%\n스킬 피해량 증가 지속시간 : {2}초\n무적 지속시간 : {3}초,"805
125
10
2.5","826
125
10
2.5","847
125
10
2.5","868
125
10
2.5","889
125
10
2.5","910
125
10
2.5","931
125
10
2.5","952
125
10
2.5","973
125
10
2.5","994
125
10
2.5","1015
125
10
2.5","1037
125
10
2.5","1058
125
10
2.5"
프리클,저학년_프리클.webp,따끔한 문지기,적들에게 범위 마법 피해를 입히고 소환된 가시 촉수를 모두 소멸시킨다. 해당 스킬로 소멸한 가시 촉수는 적에게 더 큰 피해를 입힌다.,마법 피해 : {0}%\n소환수 소멸 피해 : {1}%,"420
60","450
60","480
60","510
60","540
60","570
60","600
60","630
60","660
60","690
60","720
60","750
60","780
60"
피라,저학년_피라.webp,수금 시간이다!,조각상을 부숴 파편을 날린다. 파편에 맞은 적들에게 범위 물리 피해를 입히고 받는 피해량을 증가시킨다. 적중한 적마다 <color=#F55471>부유함</color>을 6중첩 획득한다.\n<color=#F55471>부유함</color>은 최대 30중첩까지 획득 가능하다.\n<color=#F55471>부유함 : 30중첩 보유 시 고학년 스킬 효과가 강화된다.</color>,물리 피해 : {0}%\n받는 피해량 증가 : {1}%\n받는 피해량 증가 지속시간 : {2}초,"180
10
8","190
11
8","200
12
8","210
13
8","220
14
8","230
15
8","240
16
8","250
17
8","260
18
8","270
19
8","280
20
8","290
21
8","300
22
8"
피코라,저학년_피코라.webp,한정 스티커,"일정 시간 동안 남은 HP 비율이 가장 낮은 아군 3명에게 스티커를 붙인다. 스티커는 받는 물리 피해량을 감소시키는 동시에 아군의 HP를 회복시키고, 치명타 저항과 받는 회복량을 증가시킨다.\n해당 효과는 해제할 수 없다.",스티커 지속시간 : {0}초\n받는 물리 피해량 감소 : {1}%\nHP 회복 : 공격력의 {2}%\n치명타 저항 증가 : {3}%\n받는 회복량 증가 : {4}%,"8
11
700
35
50","8
12
775
39
55","8
13
850
43
60","8
14
925
47
65","8
15
1000
51
70","8
16
1075
55
75","8
17
1150
59
80","8
18
1225
63
85","8
19
1300
67
90","8
20
1375
71
95","8
21
1450
75
100","8
22
1525
79
105","8
23
1600
83
110"
하이디,저학년_하이디.webp,잠입 취재 중!,"상자에 숨어 <color=#F55471>잠입 취재 중!</color> 상태가 되고, 일정 시간 동안 <color=#F55471>눈속임</color> 상태가 된다. 자신을 포함한 주변의 아군이 3명 이상일 경우, <color=#F55471>눈속임</color> 지속시간이 증가한다.\n<color=#F55471>잠입 취재 중!</color> 상태는 해제할 수 없다.\n<color=#F55471>잠입 취재 중! : 기본 공격이 변경된다. 기본 공격 피해량이 증가하며, SP 회복이 중단된다.</color>\n<color=#F55471>눈속임 : 적의 타겟 대상이 되지 않는다. 아군이 없을 때는 발동하지 않는다.</color>",잠입 취재 중! 지속시간 : {0}초\n눈속임 지속시간 : {1}초\n주변 아군이 3명 이상일 시 눈속임 지속시간 : {2}초\n기본 공격 피해량 증가 : {3}%,"15
8
12
105","15
8
12
110","15
8
12
115","15
8
12
120","15
8
12
125","15
8
12
130","15
8
12
135","15
8
12
140","15
8
12
145","15
8
12
150","15
8
12
155","15
8
12
160","15
8
12
165"
헤일리,저학년_헤일리.webp,논 그라타,"채찍을 3번 휘둘러 적들에게 범위 물리 피해를 입히고, 적중한 모든 적에게 일정 확률로 <color=#F55471>쓰라림</color>을 건다.\n적이 쓰라림, 화상, 중독 상태일 경우, 대상에게 걸린 디버프 종류 수에 따라 더 큰 피해를 준다.\n<color=#F55471>쓰라림 : 매초 피해를 입으며 회복량이 감소한다.</color>",총 물리 피해 : {0}%\n쓰라림 지속시간 : {1}초,"318
5","348
5","372
5","402
5","429
5","456
5","486
5","510
5","540
5","564
5","594
5","621
5","648
5"
힐데,저학년_힐데.webp,피톤치드 파동,파동을 발산해 주변의 모든 아군을 1회 회복시킨다. HP가 80% 미만인 아군 2명의 HP를 매초 회복시킨다.,파동 HP 회복 : 공격력의 {0}%\n지속 HP 회복 : 공격력의 {1}%\n회복 지속시간 : {2}초,"498
300
6","524
338
6","557
376
6","595
414
6","641
452
6","691
490
6","749
528
6","809
566
6","878
604
6","950
642
6","1022
680
6","1094
718
6","1166
756
6"
델리아,저학년_델리아.webp,델리아 화났어!,"점프를 폴짝 뛰어 주변 적들에게 범위 물리 피해를 입히고, 수족열증을 건다.\n그리고 날아차기로 적에게 물리 피해를 입히고 침묵을 건다.\n수족열증 : 매초 물리 피해를 입으며, 대상이 델리아에게 받는 피해량이 증가한다.\n침묵 : 모든 스킬을 사용할 수 없게 된다.",물리 피해 : {0}%\n수족열증 초당 물리 피해 : {1}%\n받는 피해량 증가 : {2}%\n수족열증 지속시간 : {3}%\n날아차기 물리 피해 : {4}%\n침묵 지속시간 : {5}%,"175
100
50
5
175
5","200
100
50
5
200
5","225
100
50
5
225
5","250
100
50
5
250
5","275
100
50
5
275
5","300
100
50
5
300
5","325
100
50
5
325
5","350
100
50
5
350
5","375
100
50
5
375
5","400
100
50
5
400
5","425
100
50
5
425
5","450
100
50
5
450
5","475
100
50
5
475
5"
네르(빡침),저학년_네르(빡침).webp,성전 선포,성전의 휘장을 소환해 적들에게 범위 물리 피해를 입히고 모든 아군의 일반 공격 피해량을 증가시킨다.<br>성전의 휘장이 유지되는 동안 모든 아군의 받은 피해량 일부를 성전의 휘장으로 전이시킨다.<br>성전의 휘장은 최대 1개까지 소환할 수 있다.,범위 물리 피해 : {0}%\n일반 공격 피해량 증가 : {1}%\n일반 공격 피해량 증가 지속시간 : {2}초\n성전의 휘장 피해 전이 비율 : {3}%\n성전의 휘장 최대 HP : 자신 최대 HP의 {4}%\n소환 지속시간 : {5}초,"300
25
6
25
150
30","325
25
6
25
150
30","350
25
6
25
150
30","375
25
6
25
150
30","400
25
6
25
150
30","425
25
6
25
150
30","450
25
6
25
150
30","475
25
6
25
150
30","500
25
6
25
150
30","525
25
6
25
150
30","550
25
6
25
150
30","575
25
6
25
150
30","600
25
6
25
150
30"
에르핀(왕도),저학년_에르핀(왕도).webp,마력 난타,"SP를 모두 소모할 때까지 왕마력탄을 발사해 무작위 적들에게 범위 마법 피해를 입힌다.<br>왕마력탄을 발사할 때마다 SP를 일정량 소모하며, 해당 스킬로 적 처치 시 자신의 SP를 회복한다.<br>왕마력탄을 발사하는 동안 받는 피해량이 감소하며, 스킬이 종료되면 자신의 HP를 회복한다.",총 마법 피해 : {0}%\n왕마력탄 개당 SP 소모량 : {1}\n처치 시 SP 회복량 : {2}\n받는 피해량 감소 : {3}%\n체력 회복 : 최대 체력의 {4}%,"400
20
10
60
20","440
20
10
60
20","480
20
10
60
20","520
20
10
60
20","560
20
10
60
20","600
20
10
60
20","640
20
10
60
20","680
20
10
60
20","720
20
10
60
20","760
20
10
60
20","800
20
10
60
20","840
20
10
60
20","880
20
10
60
20"
헤일리(멀쩡),저학년_헤일리(멀쩡).webp,나아가는 결의,"지면을 강타해 적들에게 범위 물리 피해를 입히고, 자신의 HP를 회복한다.<br>적중한 적마다 극복의 훈장을 1중첩 획득한다.<br>극복의 훈장은 최대 4개까지 중첩되며, 해제할 수 없다.<br>극복의 훈장 : 받는 피해량이 감소한다. 아군 사도가 기절, 변이, 출전 금지에 걸릴 경우, 해당 효과를 하나 해제하고 1중첩을 소모한다. 자신에게 걸린 효과를 우선 해제한다.",물리 피해 : {0}%\nHP 회복 : 최대 HP의 {1}%\n1중첩시 받는 피해량 감소 : {2}%,"165
32
10","180
34
10","195
36
10","210
38
10","225
40
10","240
42
10","255
44
10","270
46
10","285
48
10","300
50
10","315
52
10","330
54
10","345
56
10"
